,datetime,instrument,score,exp_name,rid,real_label,error,abs_error
0,2026-03-17,SH600000,0.020827282512309118,EXP_DEnsembleModel_Alpha158_csi300_custom_step0_s_20260317_14,bf42b3855daa41b1819fa3080e2e9b70,,,
1,2026-03-17,SH601127,-0.05688674400903718,EXP_DEnsembleModel_Alpha158_csi300_custom_step0_s_20260317_14,d11602f48a804f6f89179d055f99c57b,,,
2,2026-03-17,SH601136,-0.0010451178968239221,EXP_DEnsembleModel_Alpha158_csi300_custom_step0_s_20260317_14,d11602f48a804f6f89179d055f99c57b,,,
3,2026-03-17,SH601138,-0.09539369078796599,EXP_DEnsembleModel_Alpha158_csi300_custom_step0_s_20260317_14,d11602f48a804f6f89179d055f99c57b,,,
4,2026-03-17,SH601166,0.1080025822900456,EXP_DEnsembleModel_Alpha158_csi300_custom_step0_s_20260317_14,d11602f48a804f6f89179d055f99c57b,,,
5,2026-03-17,SH601169,0.13691225106711316,EXP_DEnsembleModel_Alpha158_csi300_custom_step0_s_20260317_14,d11602f48a804f6f89179d055f99c57b,,,
6,2026-03-17,SH601186,0.0501812406530228,EXP_DEnsembleModel_Alpha158_csi300_custom_step0_s_20260317_14,d11602f48a804f6f89179d055f99c57b,,,
7,2026-03-17,SH601117,-0.1143040535045275,EXP_DEnsembleModel_Alpha158_csi300_custom_step0_s_20260317_14,d11602f48a804f6f89179d055f99c57b,,,
8,2026-03-17,SH601211,-0.013153128572140765,EXP_DEnsembleModel_Alpha158_csi300_custom_step0_s_20260317_14,d11602f48a804f6f89179d055f99c57b,,,
9,2026-03-17,SH601229,0.12848318623819358,EXP_DEnsembleModel_Alpha158_csi300_custom_step0_s_20260317_14,d11602f48a804f6f89179d055f99c57b,,,
10,2026-03-17,SH601236,0.022404036615023635,EXP_DEnsembleModel_Alpha158_csi300_custom_step0_s_20260317_14,d11602f48a804f6f89179d055f99c57b,,,
11,2026-03-17,SH601238,0.033646433915702094,EXP_DEnsembleModel_Alpha158_csi300_custom_step0_s_20260317_14,d11602f48a804f6f89179d055f99c57b,,,
12,2026-03-17,SH601288,0.12072711674110213,EXP_DEnsembleModel_Alpha158_csi300_custom_step0_s_20260317_14,d11602f48a804f6f89179d055f99c57b,,,
13,2026-03-17,SH601298,-0.031552608647692285,EXP_DEnsembleModel_Alpha158_csi300_custom_step0_s_20260317_14,d11602f48a804f6f89179d055f99c57b,,,
14,2026-03-17,SH601318,-0.0334499663594299,EXP_DEnsembleModel_Alpha158_csi300_custom_step0_s_20260317_14,d11602f48a804f6f89179d055f99c57b,,,
15,2026-03-17,SH601225,0.07628733144497474,EXP_DEnsembleModel_Alpha158_csi300_custom_step0_s_20260317_14,d11602f48a804f6f89179d055f99c57b,,,
16,2026-03-17,SH601111,0.16546216349027384,EXP_DEnsembleModel_Alpha158_csi300_custom_step0_s_20260317_14,d11602f48a804f6f89179d055f99c57b,,,
17,2026-03-17,SH601100,-0.052633062142194265,EXP_DEnsembleModel_Alpha158_csi300_custom_step0_s_20260317_14,d11602f48a804f6f89179d055f99c57b,,,
18,2026-03-17,SH601088,0.052666520687358026,EXP_DEnsembleModel_Alpha158_csi300_custom_step0_s_20260317_14,d11602f48a804f6f89179d055f99c57b,,,
19,2026-03-17,SH600930,-0.07055522483960705,EXP_DEnsembleModel_Alpha158_csi300_custom_step0_s_20260317_14,d11602f48a804f6f89179d055f99c57b,,,
20,2026-03-17,SH600938,-0.030736856543356283,EXP_DEnsembleModel_Alpha158_csi300_custom_step0_s_20260317_14,d11602f48a804f6f89179d055f99c57b,,,
21,2026-03-17,SH600941,0.071622447064028,EXP_DEnsembleModel_Alpha158_csi300_custom_step0_s_20260317_14,d11602f48a804f6f89179d055f99c57b,,,
22,2026-03-17,SH600958,0.009316625581265664,EXP_DEnsembleModel_Alpha158_csi300_custom_step0_s_20260317_14,d11602f48a804f6f89179d055f99c57b,,,
23,2026-03-17,SH600989,-0.2207697375586524,EXP_DEnsembleModel_Alpha158_csi300_custom_step0_s_20260317_14,d11602f48a804f6f89179d055f99c57b,,,
24,2026-03-17,SH600999,0.007262628702078344,EXP_DEnsembleModel_Alpha158_csi300_custom_step0_s_20260317_14,d11602f48a804f6f89179d055f99c57b,,,
25,2026-03-17,SH601006,0.16398410846794884,EXP_DEnsembleModel_Alpha158_csi300_custom_step0_s_20260317_14,d11602f48a804f6f89179d055f99c57b,,,
26,2026-03-17,SH601009,0.09868556284775469,EXP_DEnsembleModel_Alpha158_csi300_custom_step0_s_20260317_14,d11602f48a804f6f89179d055f99c57b,,,
27,2026-03-17,SH601012,0.11402722602560979,EXP_DEnsembleModel_Alpha158_csi300_custom_step0_s_20260317_14,d11602f48a804f6f89179d055f99c57b,,,
28,2026-03-17,SH601018,-0.05216219707287377,EXP_DEnsembleModel_Alpha158_csi300_custom_step0_s_20260317_14,d11602f48a804f6f89179d055f99c57b,,,
29,2026-03-17,SH601021,0.041929917527828715,EXP_DEnsembleModel_Alpha158_csi300_custom_step0_s_20260317_14,d11602f48a804f6f89179d055f99c57b,,,
30,2026-03-17,SH601058,0.05172737331154609,EXP_DEnsembleModel_Alpha158_csi300_custom_step0_s_20260317_14,d11602f48a804f6f89179d055f99c57b,,,
31,2026-03-17,SH601059,-0.020011489347031886,EXP_DEnsembleModel_Alpha158_csi300_custom_step0_s_20260317_14,d11602f48a804f6f89179d055f99c57b,,,
32,2026-03-17,SH601066,0.028457786724023274,EXP_DEnsembleModel_Alpha158_csi300_custom_step0_s_20260317_14,d11602f48a804f6f89179d055f99c57b,,,
33,2026-03-17,SH601077,0.057808715880176144,EXP_DEnsembleModel_Alpha158_csi300_custom_step0_s_20260317_14,d11602f48a804f6f89179d055f99c57b,,,
34,2026-03-17,SH601319,0.00913385462734827,EXP_DEnsembleModel_Alpha158_csi300_custom_step0_s_20260317_14,d11602f48a804f6f89179d055f99c57b,,,
35,2026-03-17,SH601328,0.15174426509211023,EXP_DEnsembleModel_Alpha158_csi300_custom_step0_s_20260317_14,d11602f48a804f6f89179d055f99c57b,,,
36,2026-03-17,SH601336,-0.07553871200720445,EXP_DEnsembleModel_Alpha158_csi300_custom_step0_s_20260317_14,d11602f48a804f6f89179d055f99c57b,,,
37,2026-03-17,SH601360,-0.2042005157418042,EXP_DEnsembleModel_Alpha158_csi300_custom_step0_s_20260317_14,d11602f48a804f6f89179d055f99c57b,,,
38,2026-03-17,SH601800,0.0798194604541711,EXP_DEnsembleModel_Alpha158_csi300_custom_step0_s_20260317_14,d11602f48a804f6f89179d055f99c57b,,,
39,2026-03-17,SH601808,-0.0947244622708306,EXP_DEnsembleModel_Alpha158_csi300_custom_step0_s_20260317_14,d11602f48a804f6f89179d055f99c57b,,,
40,2026-03-17,SH601816,0.09505505859870607,EXP_DEnsembleModel_Alpha158_csi300_custom_step0_s_20260317_14,d11602f48a804f6f89179d055f99c57b,,,
41,2026-03-17,SH601818,0.1286157717428601,EXP_DEnsembleModel_Alpha158_csi300_custom_step0_s_20260317_14,d11602f48a804f6f89179d055f99c57b,,,
42,2026-03-17,SH601825,0.023926470401347637,EXP_DEnsembleModel_Alpha158_csi300_custom_step0_s_20260317_14,d11602f48a804f6f89179d055f99c57b,,,
43,2026-03-17,SH601838,0.17114484578596428,EXP_DEnsembleModel_Alpha158_csi300_custom_step0_s_20260317_14,d11602f48a804f6f89179d055f99c57b,,,
44,2026-03-17,SH601857,-0.017879923930749733,EXP_DEnsembleModel_Alpha158_csi300_custom_step0_s_20260317_14,d11602f48a804f6f89179d055f99c57b,,,
45,2026-03-17,SH601868,-0.17173319760962655,EXP_DEnsembleModel_Alpha158_csi300_custom_step0_s_20260317_14,d11602f48a804f6f89179d055f99c57b,,,
46,2026-03-17,SH601872,0.05144471850288928,EXP_DEnsembleModel_Alpha158_csi300_custom_step0_s_20260317_14,d11602f48a804f6f89179d055f99c57b,,,
47,2026-03-17,SH601877,-0.08995242284715316,EXP_DEnsembleModel_Alpha158_csi300_custom_step0_s_20260317_14,d11602f48a804f6f89179d055f99c57b,,,
48,2026-03-17,SH601878,0.009947076506758358,EXP_DEnsembleModel_Alpha158_csi300_custom_step0_s_20260317_14,d11602f48a804f6f89179d055f99c57b,,,
49,2026-03-17,SH601881,-4.758474850915206e-06,EXP_DEnsembleModel_Alpha158_csi300_custom_step0_s_20260317_14,d11602f48a804f6f89179d055f99c57b,,,
50,2026-03-17,SH601888,0.11801930492366779,EXP_DEnsembleModel_Alpha158_csi300_custom_step0_s_20260317_14,d11602f48a804f6f89179d055f99c57b,,,
51,2026-03-17,SH601898,0.11578188403837682,EXP_DEnsembleModel_Alpha158_csi300_custom_step0_s_20260317_14,d11602f48a804f6f89179d055f99c57b,,,
52,2026-03-17,SH601899,0.07832710179734448,EXP_DEnsembleModel_Alpha158_csi300_custom_step0_s_20260317_14,d11602f48a804f6f89179d055f99c57b,,,
53,2026-03-17,SH601788,0.02051119689417673,EXP_DEnsembleModel_Alpha158_csi300_custom_step0_s_20260317_14,d11602f48a804f6f89179d055f99c57b,,,
54,2026-03-17,SH600926,0.11218643791058863,EXP_DEnsembleModel_Alpha158_csi300_custom_step0_s_20260317_14,d11602f48a804f6f89179d055f99c57b,,,
55,2026-03-17,SH601766,0.12710329172753823,EXP_DEnsembleModel_Alpha158_csi300_custom_step0_s_20260317_14,d11602f48a804f6f89179d055f99c57b,,,
56,2026-03-17,SH601698,0.02342298269992538,EXP_DEnsembleModel_Alpha158_csi300_custom_step0_s_20260317_14,d11602f48a804f6f89179d055f99c57b,,,
57,2026-03-17,SH601377,-0.041810811926170734,EXP_DEnsembleModel_Alpha158_csi300_custom_step0_s_20260317_14,d11602f48a804f6f89179d055f99c57b,,,
58,2026-03-17,SH601390,0.002805286546601573,EXP_DEnsembleModel_Alpha158_csi300_custom_step0_s_20260317_14,d11602f48a804f6f89179d055f99c57b,,,
59,2026-03-17,SH601398,0.0744876324341832,EXP_DEnsembleModel_Alpha158_csi300_custom_step0_s_20260317_14,d11602f48a804f6f89179d055f99c57b,,,
60,2026-03-17,SH601456,-0.0005199775574569397,EXP_DEnsembleModel_Alpha158_csi300_custom_step0_s_20260317_14,d11602f48a804f6f89179d055f99c57b,,,
61,2026-03-17,SH601600,-0.11418957976018207,EXP_DEnsembleModel_Alpha158_csi300_custom_step0_s_20260317_14,d11602f48a804f6f89179d055f99c57b,,,
62,2026-03-17,SH601601,-0.00039834210260402363,EXP_DEnsembleModel_Alpha158_csi300_custom_step0_s_20260317_14,d11602f48a804f6f89179d055f99c57b,,,
63,2026-03-17,SH601607,0.03869647501644851,EXP_DEnsembleModel_Alpha158_csi300_custom_step0_s_20260317_14,d11602f48a804f6f89179d055f99c57b,,,
64,2026-03-17,SH601618,0.017717343565427947,EXP_DEnsembleModel_Alpha158_csi300_custom_step0_s_20260317_14,d11602f48a804f6f89179d055f99c57b,,,
65,2026-03-17,SH601628,0.003841143570354855,EXP_DEnsembleModel_Alpha158_csi300_custom_step0_s_20260317_14,d11602f48a804f6f89179d055f99c57b,,,
66,2026-03-17,SH601633,-0.0002146126515333493,EXP_DEnsembleModel_Alpha158_csi300_custom_step0_s_20260317_14,d11602f48a804f6f89179d055f99c57b,,,
67,2026-03-17,SH601658,0.052577729521050456,EXP_DEnsembleModel_Alpha158_csi300_custom_step0_s_20260317_14,d11602f48a804f6f89179d055f99c57b,,,
68,2026-03-17,SH601668,0.1744712899363833,EXP_DEnsembleModel_Alpha158_csi300_custom_step0_s_20260317_14,d11602f48a804f6f89179d055f99c57b,,,
69,2026-03-17,SH601669,-0.15231419852811817,EXP_DEnsembleModel_Alpha158_csi300_custom_step0_s_20260317_14,d11602f48a804f6f89179d055f99c57b,,,
70,2026-03-17,SH601688,-0.03228930516171438,EXP_DEnsembleModel_Alpha158_csi300_custom_step0_s_20260317_14,d11602f48a804f6f89179d055f99c57b,,,
71,2026-03-17,SH601689,-0.007346154431182989,EXP_DEnsembleModel_Alpha158_csi300_custom_step0_s_20260317_14,d11602f48a804f6f89179d055f99c57b,,,
72,2026-03-17,SH601728,0.10547269997327917,EXP_DEnsembleModel_Alpha158_csi300_custom_step0_s_20260317_14,d11602f48a804f6f89179d055f99c57b,,,
73,2026-03-17,SH601901,-0.009630065810616458,EXP_DEnsembleModel_Alpha158_csi300_custom_step0_s_20260317_14,d11602f48a804f6f89179d055f99c57b,,,
74,2026-03-17,SH600919,0.1351034605474782,EXP_DEnsembleModel_Alpha158_csi300_custom_step0_s_20260317_14,d11602f48a804f6f89179d055f99c57b,,,
75,2026-03-17,SH600905,-0.0009183877498133369,EXP_DEnsembleModel_Alpha158_csi300_custom_step0_s_20260317_14,d11602f48a804f6f89179d055f99c57b,,,
76,2026-03-17,SH600066,-0.000532839477634703,EXP_DEnsembleModel_Alpha158_csi300_custom_step0_s_20260317_14,d11602f48a804f6f89179d055f99c57b,,,
77,2026-03-17,SH600085,0.02642020657297748,EXP_DEnsembleModel_Alpha158_csi300_custom_step0_s_20260317_14,d11602f48a804f6f89179d055f99c57b,,,
78,2026-03-17,SH600089,-0.07930090301379593,EXP_DEnsembleModel_Alpha158_csi300_custom_step0_s_20260317_14,d11602f48a804f6f89179d055f99c57b,,,
79,2026-03-17,SH600104,0.11914373875455782,EXP_DEnsembleModel_Alpha158_csi300_custom_step0_s_20260317_14,d11602f48a804f6f89179d055f99c57b,,,
80,2026-03-17,SH600111,-0.037795676910633395,EXP_DEnsembleModel_Alpha158_csi300_custom_step0_s_20260317_14,d11602f48a804f6f89179d055f99c57b,,,
81,2026-03-17,SH600115,0.06885860698678217,EXP_DEnsembleModel_Alpha158_csi300_custom_step0_s_20260317_14,d11602f48a804f6f89179d055f99c57b,,,
82,2026-03-17,SH600061,0.044240219221479145,EXP_DEnsembleModel_Alpha158_csi300_custom_step0_s_20260317_14,d11602f48a804f6f89179d055f99c57b,,,
83,2026-03-17,SH600150,-0.07757569588331979,EXP_DEnsembleModel_Alpha158_csi300_custom_step0_s_20260317_14,d11602f48a804f6f89179d055f99c57b,,,
84,2026-03-17,SH600161,-0.02222079059503881,EXP_DEnsembleModel_Alpha158_csi300_custom_step0_s_20260317_14,d11602f48a804f6f89179d055f99c57b,,,
85,2026-03-17,SH600176,0.12104797245750716,EXP_DEnsembleModel_Alpha158_csi300_custom_step0_s_20260317_14,d11602f48a804f6f89179d055f99c57b,,,
86,2026-03-17,SH600183,-0.08458020409117388,EXP_DEnsembleModel_Alpha158_csi300_custom_step0_s_20260317_14,d11602f48a804f6f89179d055f99c57b,,,
87,2026-03-17,SH600188,0.33686124331722905,EXP_DEnsembleModel_Alpha158_csi300_custom_step0_s_20260317_14,d11602f48a804f6f89179d055f99c57b,,,
88,2026-03-17,SH600196,0.003175636079605097,EXP_DEnsembleModel_Alpha158_csi300_custom_step0_s_20260317_14,d11602f48a804f6f89179d055f99c57b,,,
89,2026-03-17,SH600219,-0.11688084398241859,EXP_DEnsembleModel_Alpha158_csi300_custom_step0_s_20260317_14,d11602f48a804f6f89179d055f99c57b,,,
90,2026-03-17,SH600160,0.0941352490903916,EXP_DEnsembleModel_Alpha158_csi300_custom_step0_s_20260317_14,d11602f48a804f6f89179d055f99c57b,,,
91,2026-03-17,SH600050,-0.015833794037752806,EXP_DEnsembleModel_Alpha158_csi300_custom_step0_s_20260317_14,d11602f48a804f6f89179d055f99c57b,,,
92,2026-03-17,SH600048,0.03049962303541709,EXP_DEnsembleModel_Alpha158_csi300_custom_step0_s_20260317_14,d11602f48a804f6f89179d055f99c57b,,,
93,2026-03-17,SH600039,0.027408529036736302,EXP_DEnsembleModel_Alpha158_csi300_custom_step0_s_20260317_14,d11602f48a804f6f89179d055f99c57b,,,
94,2026-03-17,SH600010,0.11339682555840769,EXP_DEnsembleModel_Alpha158_csi300_custom_step0_s_20260317_14,d11602f48a804f6f89179d055f99c57b,,,
95,2026-03-17,SH600011,0.026179929951550145,EXP_DEnsembleModel_Alpha158_csi300_custom_step0_s_20260317_14,d11602f48a804f6f89179d055f99c57b,,,
96,2026-03-17,SH600015,0.021300017759678772,EXP_DEnsembleModel_Alpha158_csi300_custom_step0_s_20260317_14,d11602f48a804f6f89179d055f99c57b,,,
97,2026-03-17,SH600016,0.1180979013734128,EXP_DEnsembleModel_Alpha158_csi300_custom_step0_s_20260317_14,d11602f48a804f6f89179d055f99c57b,,,
98,2026-03-17,SH600018,0.1345619056480668,EXP_DEnsembleModel_Alpha158_csi300_custom_step0_s_20260317_14,d11602f48a804f6f89179d055f99c57b,,,
99,2026-03-17,SH600019,0.034595618560871885,EXP_DEnsembleModel_Alpha158_csi300_custom_step0_s_20260317_14,d11602f48a804f6f89179d055f99c57b,,,
100,2026-03-17,SH600023,0.18956582685459417,EXP_DEnsembleModel_Alpha158_csi300_custom_step0_s_20260317_14,d11602f48a804f6f89179d055f99c57b,,,
101,2026-03-17,SH600025,0.016431575953783775,EXP_DEnsembleModel_Alpha158_csi300_custom_step0_s_20260317_14,d11602f48a804f6f89179d055f99c57b,,,
102,2026-03-17,SH600026,0.0356175240149583,EXP_DEnsembleModel_Alpha158_csi300_custom_step0_s_20260317_14,d11602f48a804f6f89179d055f99c57b,,,
103,2026-03-17,SH600027,0.15985877006232493,EXP_DEnsembleModel_Alpha158_csi300_custom_step0_s_20260317_14,d11602f48a804f6f89179d055f99c57b,,,
104,2026-03-17,SH600028,-0.08161734905678523,EXP_DEnsembleModel_Alpha158_csi300_custom_step0_s_20260317_14,d11602f48a804f6f89179d055f99c57b,,,
105,2026-03-17,SH600029,0.2700204311468494,EXP_DEnsembleModel_Alpha158_csi300_custom_step0_s_20260317_14,d11602f48a804f6f89179d055f99c57b,,,
106,2026-03-17,SH600030,-0.014272682723692882,EXP_DEnsembleModel_Alpha158_csi300_custom_step0_s_20260317_14,d11602f48a804f6f89179d055f99c57b,,,
107,2026-03-17,SH600031,0.012344990168389495,EXP_DEnsembleModel_Alpha158_csi300_custom_step0_s_20260317_14,d11602f48a804f6f89179d055f99c57b,,,
108,2026-03-17,SH600036,0.11672235947990821,EXP_DEnsembleModel_Alpha158_csi300_custom_step0_s_20260317_14,d11602f48a804f6f89179d055f99c57b,,,
109,2026-03-17,SH600233,0.033108178743940474,EXP_DEnsembleModel_Alpha158_csi300_custom_step0_s_20260317_14,d11602f48a804f6f89179d055f99c57b,,,
110,2026-03-17,SH600276,-0.02139650294277607,EXP_DEnsembleModel_Alpha158_csi300_custom_step0_s_20260317_14,d11602f48a804f6f89179d055f99c57b,,,
111,2026-03-17,SH600309,0.136256078006147,EXP_DEnsembleModel_Alpha158_csi300_custom_step0_s_20260317_14,d11602f48a804f6f89179d055f99c57b,,,
112,2026-03-17,SH600346,0.15274205688195414,EXP_DEnsembleModel_Alpha158_csi300_custom_step0_s_20260317_14,d11602f48a804f6f89179d055f99c57b,,,
113,2026-03-17,SH600600,0.0817077478310408,EXP_DEnsembleModel_Alpha158_csi300_custom_step0_s_20260317_14,d11602f48a804f6f89179d055f99c57b,,,
114,2026-03-17,SH600660,0.11240832724406809,EXP_DEnsembleModel_Alpha158_csi300_custom_step0_s_20260317_14,d11602f48a804f6f89179d055f99c57b,,,
115,2026-03-17,SH600674,0.09357701142893922,EXP_DEnsembleModel_Alpha158_csi300_custom_step0_s_20260317_14,d11602f48a804f6f89179d055f99c57b,,,
116,2026-03-17,SH600690,0.12688041112442192,EXP_DEnsembleModel_Alpha158_csi300_custom_step0_s_20260317_14,d11602f48a804f6f89179d055f99c57b,,,
117,2026-03-17,SH600741,0.06896026068505084,EXP_DEnsembleModel_Alpha158_csi300_custom_step0_s_20260317_14,d11602f48a804f6f89179d055f99c57b,,,
118,2026-03-17,SH600760,-0.06753052846264161,EXP_DEnsembleModel_Alpha158_csi300_custom_step0_s_20260317_14,d11602f48a804f6f89179d055f99c57b,,,
119,2026-03-17,SH600795,0.05116454735547188,EXP_DEnsembleModel_Alpha158_csi300_custom_step0_s_20260317_14,d11602f48a804f6f89179d055f99c57b,,,
120,2026-03-17,SH600803,-0.04631057551219998,EXP_DEnsembleModel_Alpha158_csi300_custom_step0_s_20260317_14,d11602f48a804f6f89179d055f99c57b,,,
121,2026-03-17,SH600809,-0.003946548279908357,EXP_DEnsembleModel_Alpha158_csi300_custom_step0_s_20260317_14,d11602f48a804f6f89179d055f99c57b,,,
122,2026-03-17,SH600845,-0.10747021350642567,EXP_DEnsembleModel_Alpha158_csi300_custom_step0_s_20260317_14,d11602f48a804f6f89179d055f99c57b,,,
123,2026-03-17,SH600875,0.09785355981106644,EXP_DEnsembleModel_Alpha158_csi300_custom_step0_s_20260317_14,d11602f48a804f6f89179d055f99c57b,,,
124,2026-03-17,SH600886,-0.020976687186061094,EXP_DEnsembleModel_Alpha158_csi300_custom_step0_s_20260317_14,d11602f48a804f6f89179d055f99c57b,,,
125,2026-03-17,SH600887,0.09788269348227804,EXP_DEnsembleModel_Alpha158_csi300_custom_step0_s_20260317_14,d11602f48a804f6f89179d055f99c57b,,,
126,2026-03-17,SH600893,0.08839399523271203,EXP_DEnsembleModel_Alpha158_csi300_custom_step0_s_20260317_14,d11602f48a804f6f89179d055f99c57b,,,
127,2026-03-17,SH600900,0.19403835223124394,EXP_DEnsembleModel_Alpha158_csi300_custom_step0_s_20260317_14,d11602f48a804f6f89179d055f99c57b,,,
128,2026-03-17,SH600588,-0.09902716725508984,EXP_DEnsembleModel_Alpha158_csi300_custom_step0_s_20260317_14,d11602f48a804f6f89179d055f99c57b,,,
129,2026-03-17,SH600918,0.05260597164312476,EXP_DEnsembleModel_Alpha158_csi300_custom_step0_s_20260317_14,d11602f48a804f6f89179d055f99c57b,,,
130,2026-03-17,SH600585,0.1261412784969238,EXP_DEnsembleModel_Alpha158_csi300_custom_step0_s_20260317_14,d11602f48a804f6f89179d055f99c57b,,,
131,2026-03-17,SH600570,-0.03603306623740216,EXP_DEnsembleModel_Alpha158_csi300_custom_step0_s_20260317_14,d11602f48a804f6f89179d055f99c57b,,,
132,2026-03-17,SH600362,0.053197244532674035,EXP_DEnsembleModel_Alpha158_csi300_custom_step0_s_20260317_14,d11602f48a804f6f89179d055f99c57b,,,
133,2026-03-17,SH600372,-0.05614385377022841,EXP_DEnsembleModel_Alpha158_csi300_custom_step0_s_20260317_14,d11602f48a804f6f89179d055f99c57b,,,
134,2026-03-17,SH600377,0.05580866232848606,EXP_DEnsembleModel_Alpha158_csi300_custom_step0_s_20260317_14,d11602f48a804f6f89179d055f99c57b,,,
135,2026-03-17,SH600406,-0.1167119811368809,EXP_DEnsembleModel_Alpha158_csi300_custom_step0_s_20260317_14,d11602f48a804f6f89179d055f99c57b,,,
136,2026-03-17,SH600415,-0.03994078535901269,EXP_DEnsembleModel_Alpha158_csi300_custom_step0_s_20260317_14,d11602f48a804f6f89179d055f99c57b,,,
137,2026-03-17,SH600426,0.06183438494362409,EXP_DEnsembleModel_Alpha158_csi300_custom_step0_s_20260317_14,d11602f48a804f6f89179d055f99c57b,,,
138,2026-03-17,SH600436,-0.04590781329488546,EXP_DEnsembleModel_Alpha158_csi300_custom_step0_s_20260317_14,d11602f48a804f6f89179d055f99c57b,,,
139,2026-03-17,SH600438,0.03189480010927583,EXP_DEnsembleModel_Alpha158_csi300_custom_step0_s_20260317_14,d11602f48a804f6f89179d055f99c57b,,,
140,2026-03-17,SH600460,-0.07446507636723601,EXP_DEnsembleModel_Alpha158_csi300_custom_step0_s_20260317_14,d11602f48a804f6f89179d055f99c57b,,,
141,2026-03-17,SH600482,0.43363183407412925,EXP_DEnsembleModel_Alpha158_csi300_custom_step0_s_20260317_14,d11602f48a804f6f89179d055f99c57b,,,
142,2026-03-17,SH600489,0.05657377147395638,EXP_DEnsembleModel_Alpha158_csi300_custom_step0_s_20260317_14,d11602f48a804f6f89179d055f99c57b,,,
143,2026-03-17,SH600515,0.04144159133307323,EXP_DEnsembleModel_Alpha158_csi300_custom_step0_s_20260317_14,d11602f48a804f6f89179d055f99c57b,,,
144,2026-03-17,SH600519,-0.004856951621114211,EXP_DEnsembleModel_Alpha158_csi300_custom_step0_s_20260317_14,d11602f48a804f6f89179d055f99c57b,,,
145,2026-03-17,SH600522,0.112092360618067,EXP_DEnsembleModel_Alpha158_csi300_custom_step0_s_20260317_14,d11602f48a804f6f89179d055f99c57b,,,
146,2026-03-17,SH600547,0.03413891469532355,EXP_DEnsembleModel_Alpha158_csi300_custom_step0_s_20260317_14,d11602f48a804f6f89179d055f99c57b,,,
147,2026-03-17,SH600584,-0.09512237413106482,EXP_DEnsembleModel_Alpha158_csi300_custom_step0_s_20260317_14,d11602f48a804f6f89179d055f99c57b,,,
148,2026-03-17,SH600009,0.010904121449869464,EXP_DEnsembleModel_Alpha158_csi300_custom_step0_s_20260317_14,d11602f48a804f6f89179d055f99c57b,,,
149,2026-03-17,SH601916,0.01647759029943881,EXP_DEnsembleModel_Alpha158_csi300_custom_step0_s_20260317_14,d11602f48a804f6f89179d055f99c57b,,,
150,2026-03-17,SH601939,0.11348062507068772,EXP_DEnsembleModel_Alpha158_csi300_custom_step0_s_20260317_14,d11602f48a804f6f89179d055f99c57b,,,
151,2026-03-17,SZ002422,-0.010569295112133354,EXP_DEnsembleModel_Alpha158_csi300_custom_step0_s_20260317_14,d11602f48a804f6f89179d055f99c57b,,,
152,2026-03-17,SZ002459,0.07888724223691687,EXP_DEnsembleModel_Alpha158_csi300_custom_step0_s_20260317_14,d11602f48a804f6f89179d055f99c57b,,,
153,2026-03-17,SZ002460,-0.13054271833969083,EXP_DEnsembleModel_Alpha158_csi300_custom_step0_s_20260317_14,d11602f48a804f6f89179d055f99c57b,,,
154,2026-03-17,SZ002463,-0.040133451829785914,EXP_DEnsembleModel_Alpha158_csi300_custom_step0_s_20260317_14,d11602f48a804f6f89179d055f99c57b,,,
155,2026-03-17,SZ002466,-0.14235416243641116,EXP_DEnsembleModel_Alpha158_csi300_custom_step0_s_20260317_14,d11602f48a804f6f89179d055f99c57b,,,
156,2026-03-17,SZ002475,-0.05727148476279535,EXP_DEnsembleModel_Alpha158_csi300_custom_step0_s_20260317_14,d11602f48a804f6f89179d055f99c57b,,,
157,2026-03-17,SZ002415,-0.043445031170319434,EXP_DEnsembleModel_Alpha158_csi300_custom_step0_s_20260317_14,d11602f48a804f6f89179d055f99c57b,,,
158,2026-03-17,SZ002493,0.2693718601447874,EXP_DEnsembleModel_Alpha158_csi300_custom_step0_s_20260317_14,d11602f48a804f6f89179d055f99c57b,,,
159,2026-03-17,SZ002600,-0.16921065103646707,EXP_DEnsembleModel_Alpha158_csi300_custom_step0_s_20260317_14,d11602f48a804f6f89179d055f99c57b,,,
160,2026-03-17,SZ002601,0.06254077766245106,EXP_DEnsembleModel_Alpha158_csi300_custom_step0_s_20260317_14,d11602f48a804f6f89179d055f99c57b,,,
161,2026-03-17,SZ002625,-0.01178344698832188,EXP_DEnsembleModel_Alpha158_csi300_custom_step0_s_20260317_14,d11602f48a804f6f89179d055f99c57b,,,
162,2026-03-17,SZ002648,-0.11624973938675896,EXP_DEnsembleModel_Alpha158_csi300_custom_step0_s_20260317_14,d11602f48a804f6f89179d055f99c57b,,,
163,2026-03-17,SZ002709,-0.27562766897513963,EXP_DEnsembleModel_Alpha158_csi300_custom_step0_s_20260317_14,d11602f48a804f6f89179d055f99c57b,,,
164,2026-03-17,SZ002714,0.08200564637879641,EXP_DEnsembleModel_Alpha158_csi300_custom_step0_s_20260317_14,d11602f48a804f6f89179d055f99c57b,,,
165,2026-03-17,SZ002594,-0.03045746104908394,EXP_DEnsembleModel_Alpha158_csi300_custom_step0_s_20260317_14,d11602f48a804f6f89179d055f99c57b,,,
166,2026-03-17,SZ002384,-0.22766171104765903,EXP_DEnsembleModel_Alpha158_csi300_custom_step0_s_20260317_14,d11602f48a804f6f89179d055f99c57b,,,
167,2026-03-17,SZ002371,0.0887442948958709,EXP_DEnsembleModel_Alpha158_csi300_custom_step0_s_20260317_14,d11602f48a804f6f89179d055f99c57b,,,
168,2026-03-17,SZ002352,0.0337388395413095,EXP_DEnsembleModel_Alpha158_csi300_custom_step0_s_20260317_14,d11602f48a804f6f89179d055f99c57b,,,
169,2026-03-17,SZ001979,-0.04651899559513862,EXP_DEnsembleModel_Alpha158_csi300_custom_step0_s_20260317_14,d11602f48a804f6f89179d055f99c57b,,,
170,2026-03-17,SZ002001,0.11594265527335236,EXP_DEnsembleModel_Alpha158_csi300_custom_step0_s_20260317_14,d11602f48a804f6f89179d055f99c57b,,,
171,2026-03-17,SZ002027,0.04925316987618991,EXP_DEnsembleModel_Alpha158_csi300_custom_step0_s_20260317_14,d11602f48a804f6f89179d055f99c57b,,,
172,2026-03-17,SZ002028,0.29642570494519094,EXP_DEnsembleModel_Alpha158_csi300_custom_step0_s_20260317_14,d11602f48a804f6f89179d055f99c57b,,,
173,2026-03-17,SZ002049,-0.015665302573403667,EXP_DEnsembleModel_Alpha158_csi300_custom_step0_s_20260317_14,d11602f48a804f6f89179d055f99c57b,,,
174,2026-03-17,SZ002050,-0.07419681064844323,EXP_DEnsembleModel_Alpha158_csi300_custom_step0_s_20260317_14,d11602f48a804f6f89179d055f99c57b,,,
175,2026-03-17,SZ002074,-0.030019321493105506,EXP_DEnsembleModel_Alpha158_csi300_custom_step0_s_20260317_14,d11602f48a804f6f89179d055f99c57b,,,
176,2026-03-17,SZ002142,-0.009652705014926323,EXP_DEnsembleModel_Alpha158_csi300_custom_step0_s_20260317_14,d11602f48a804f6f89179d055f99c57b,,,
177,2026-03-17,SZ002179,-0.11879217336756441,EXP_DEnsembleModel_Alpha158_csi300_custom_step0_s_20260317_14,d11602f48a804f6f89179d055f99c57b,,,
178,2026-03-17,SZ002230,-0.0943041828664698,EXP_DEnsembleModel_Alpha158_csi300_custom_step0_s_20260317_14,d11602f48a804f6f89179d055f99c57b,,,
179,2026-03-17,SZ002236,-0.0451039384473581,EXP_DEnsembleModel_Alpha158_csi300_custom_step0_s_20260317_14,d11602f48a804f6f89179d055f99c57b,,,
180,2026-03-17,SZ002241,-0.11601441102693251,EXP_DEnsembleModel_Alpha158_csi300_custom_step0_s_20260317_14,d11602f48a804f6f89179d055f99c57b,,,
181,2026-03-17,SZ002252,0.02226607853289281,EXP_DEnsembleModel_Alpha158_csi300_custom_step0_s_20260317_14,d11602f48a804f6f89179d055f99c57b,,,
182,2026-03-17,SZ002304,0.03839809954211778,EXP_DEnsembleModel_Alpha158_csi300_custom_step0_s_20260317_14,d11602f48a804f6f89179d055f99c57b,,,
183,2026-03-17,SZ002311,0.0853978880624726,EXP_DEnsembleModel_Alpha158_csi300_custom_step0_s_20260317_14,d11602f48a804f6f89179d055f99c57b,,,
184,2026-03-17,SZ002736,-0.03575339087592952,EXP_DEnsembleModel_Alpha158_csi300_custom_step0_s_20260317_14,d11602f48a804f6f89179d055f99c57b,,,
185,2026-03-17,SZ002916,-0.0656010857436511,EXP_DEnsembleModel_Alpha158_csi300_custom_step0_s_20260317_14,d11602f48a804f6f89179d055f99c57b,,,
186,2026-03-17,SZ002920,-0.042605690279760584,EXP_DEnsembleModel_Alpha158_csi300_custom_step0_s_20260317_14,d11602f48a804f6f89179d055f99c57b,,,
187,2026-03-17,SZ002938,0.002553743249174719,EXP_DEnsembleModel_Alpha158_csi300_custom_step0_s_20260317_14,d11602f48a804f6f89179d055f99c57b,,,
188,2026-03-17,SZ300498,0.055287614954105384,EXP_DEnsembleModel_Alpha158_csi300_custom_step0_s_20260317_14,d11602f48a804f6f89179d055f99c57b,,,
189,2026-03-17,SZ300502,-0.11166926461154147,EXP_DEnsembleModel_Alpha158_csi300_custom_step0_s_20260317_14,d11602f48a804f6f89179d055f99c57b,,,
190,2026-03-17,SZ300628,-0.009844027153768706,EXP_DEnsembleModel_Alpha158_csi300_custom_step0_s_20260317_14,d11602f48a804f6f89179d055f99c57b,,,
191,2026-03-17,SZ300661,-0.22426438698689716,EXP_DEnsembleModel_Alpha158_csi300_custom_step0_s_20260317_14,d11602f48a804f6f89179d055f99c57b,,,
192,2026-03-17,SZ300750,-0.002118833288628889,EXP_DEnsembleModel_Alpha158_csi300_custom_step0_s_20260317_14,d11602f48a804f6f89179d055f99c57b,,,
193,2026-03-17,SZ300759,-0.058315947141087156,EXP_DEnsembleModel_Alpha158_csi300_custom_step0_s_20260317_14,d11602f48a804f6f89179d055f99c57b,,,
194,2026-03-17,SZ300760,-0.05779840273999539,EXP_DEnsembleModel_Alpha158_csi300_custom_step0_s_20260317_14,d11602f48a804f6f89179d055f99c57b,,,
195,2026-03-17,SZ300782,-0.15506645879998554,EXP_DEnsembleModel_Alpha158_csi300_custom_step0_s_20260317_14,d11602f48a804f6f89179d055f99c57b,,,
196,2026-03-17,SZ300803,-0.014104350951927481,EXP_DEnsembleModel_Alpha158_csi300_custom_step0_s_20260317_14,d11602f48a804f6f89179d055f99c57b,,,
197,2026-03-17,SZ300832,0.12857196169577043,EXP_DEnsembleModel_Alpha158_csi300_custom_step0_s_20260317_14,d11602f48a804f6f89179d055f99c57b,,,
198,2026-03-17,SZ300866,0.03778903970728938,EXP_DEnsembleModel_Alpha158_csi300_custom_step0_s_20260317_14,d11602f48a804f6f89179d055f99c57b,,,
199,2026-03-17,SZ300896,-0.007686388687680508,EXP_DEnsembleModel_Alpha158_csi300_custom_step0_s_20260317_14,d11602f48a804f6f89179d055f99c57b,,,
200,2026-03-17,SZ300979,0.03613149324176274,EXP_DEnsembleModel_Alpha158_csi300_custom_step0_s_20260317_14,d11602f48a804f6f89179d055f99c57b,,,
201,2026-03-17,SZ300999,-0.0333034441597164,EXP_DEnsembleModel_Alpha158_csi300_custom_step0_s_20260317_14,d11602f48a804f6f89179d055f99c57b,,,
202,2026-03-17,SZ301236,-0.09944805154656512,EXP_DEnsembleModel_Alpha158_csi300_custom_step0_s_20260317_14,d11602f48a804f6f89179d055f99c57b,,,
203,2026-03-17,SZ300476,-0.1614561690895693,EXP_DEnsembleModel_Alpha158_csi300_custom_step0_s_20260317_14,d11602f48a804f6f89179d055f99c57b,,,
204,2026-03-17,SZ001965,0.011358325333277408,EXP_DEnsembleModel_Alpha158_csi300_custom_step0_s_20260317_14,d11602f48a804f6f89179d055f99c57b,,,
205,2026-03-17,SZ300442,0.11261641821797815,EXP_DEnsembleModel_Alpha158_csi300_custom_step0_s_20260317_14,d11602f48a804f6f89179d055f99c57b,,,
206,2026-03-17,SZ300418,0.0045689094801764025,EXP_DEnsembleModel_Alpha158_csi300_custom_step0_s_20260317_14,d11602f48a804f6f89179d055f99c57b,,,
207,2026-03-17,SZ003816,0.03722088687804448,EXP_DEnsembleModel_Alpha158_csi300_custom_step0_s_20260317_14,d11602f48a804f6f89179d055f99c57b,,,
208,2026-03-17,SZ300014,0.06096110385188324,EXP_DEnsembleModel_Alpha158_csi300_custom_step0_s_20260317_14,d11602f48a804f6f89179d055f99c57b,,,
209,2026-03-17,SZ300015,-0.0329849976808382,EXP_DEnsembleModel_Alpha158_csi300_custom_step0_s_20260317_14,d11602f48a804f6f89179d055f99c57b,,,
210,2026-03-17,SZ300033,-0.008499447583838459,EXP_DEnsembleModel_Alpha158_csi300_custom_step0_s_20260317_14,d11602f48a804f6f89179d055f99c57b,,,
211,2026-03-17,SZ300059,0.014990684201446737,EXP_DEnsembleModel_Alpha158_csi300_custom_step0_s_20260317_14,d11602f48a804f6f89179d055f99c57b,,,
212,2026-03-17,SZ300122,-0.010004707334653938,EXP_DEnsembleModel_Alpha158_csi300_custom_step0_s_20260317_14,d11602f48a804f6f89179d055f99c57b,,,
213,2026-03-17,SZ300124,-0.03628512504494954,EXP_DEnsembleModel_Alpha158_csi300_custom_step0_s_20260317_14,d11602f48a804f6f89179d055f99c57b,,,
214,2026-03-17,SZ300251,-0.003893151750374152,EXP_DEnsembleModel_Alpha158_csi300_custom_step0_s_20260317_14,d11602f48a804f6f89179d055f99c57b,,,
215,2026-03-17,SZ300274,-0.24014571472478904,EXP_DEnsembleModel_Alpha158_csi300_custom_step0_s_20260317_14,d11602f48a804f6f89179d055f99c57b,,,
216,2026-03-17,SZ300308,0.009552199660414566,EXP_DEnsembleModel_Alpha158_csi300_custom_step0_s_20260317_14,d11602f48a804f6f89179d055f99c57b,,,
217,2026-03-17,SZ300316,-0.014321291056274487,EXP_DEnsembleModel_Alpha158_csi300_custom_step0_s_20260317_14,d11602f48a804f6f89179d055f99c57b,,,
218,2026-03-17,SZ300347,-0.02108397504409947,EXP_DEnsembleModel_Alpha158_csi300_custom_step0_s_20260317_14,d11602f48a804f6f89179d055f99c57b,,,
219,2026-03-17,SZ300394,0.3092179043196306,EXP_DEnsembleModel_Alpha158_csi300_custom_step0_s_20260317_14,d11602f48a804f6f89179d055f99c57b,,,
220,2026-03-17,SZ300408,0.05252178703993992,EXP_DEnsembleModel_Alpha158_csi300_custom_step0_s_20260317_14,d11602f48a804f6f89179d055f99c57b,,,
221,2026-03-17,SZ300413,-0.07181389992765148,EXP_DEnsembleModel_Alpha158_csi300_custom_step0_s_20260317_14,d11602f48a804f6f89179d055f99c57b,,,
222,2026-03-17,SZ300433,-0.0279425045497953,EXP_DEnsembleModel_Alpha158_csi300_custom_step0_s_20260317_14,d11602f48a804f6f89179d055f99c57b,,,
223,2026-03-17,SH601919,0.04397607404105799,EXP_DEnsembleModel_Alpha158_csi300_custom_step0_s_20260317_14,d11602f48a804f6f89179d055f99c57b,,,
224,2026-03-17,SZ001391,0.035228106513600366,EXP_DEnsembleModel_Alpha158_csi300_custom_step0_s_20260317_14,d11602f48a804f6f89179d055f99c57b,,,
225,2026-03-17,SZ000983,0.07750930756283095,EXP_DEnsembleModel_Alpha158_csi300_custom_step0_s_20260317_14,d11602f48a804f6f89179d055f99c57b,,,
226,2026-03-17,SH688008,-0.062459391243133745,EXP_DEnsembleModel_Alpha158_csi300_custom_step0_s_20260317_14,d11602f48a804f6f89179d055f99c57b,,,
227,2026-03-17,SH688009,-0.05163651933285123,EXP_DEnsembleModel_Alpha158_csi300_custom_step0_s_20260317_14,d11602f48a804f6f89179d055f99c57b,,,
228,2026-03-17,SH688012,0.035307919753286794,EXP_DEnsembleModel_Alpha158_csi300_custom_step0_s_20260317_14,d11602f48a804f6f89179d055f99c57b,,,
229,2026-03-17,SH688036,-0.1934499358257851,EXP_DEnsembleModel_Alpha158_csi300_custom_step0_s_20260317_14,d11602f48a804f6f89179d055f99c57b,,,
230,2026-03-17,SH688041,-0.12885671659230627,EXP_DEnsembleModel_Alpha158_csi300_custom_step0_s_20260317_14,d11602f48a804f6f89179d055f99c57b,,,
231,2026-03-17,SH688047,-0.15878435268467558,EXP_DEnsembleModel_Alpha158_csi300_custom_step0_s_20260317_14,d11602f48a804f6f89179d055f99c57b,,,
232,2026-03-17,SH605499,0.039648231581170125,EXP_DEnsembleModel_Alpha158_csi300_custom_step0_s_20260317_14,d11602f48a804f6f89179d055f99c57b,,,
233,2026-03-17,SH688082,0.061399767277159886,EXP_DEnsembleModel_Alpha158_csi300_custom_step0_s_20260317_14,d11602f48a804f6f89179d055f99c57b,,,
234,2026-03-17,SH688126,-0.06508334575340281,EXP_DEnsembleModel_Alpha158_csi300_custom_step0_s_20260317_14,d11602f48a804f6f89179d055f99c57b,,,
235,2026-03-17,SH688169,0.048724665193045184,EXP_DEnsembleModel_Alpha158_csi300_custom_step0_s_20260317_14,d11602f48a804f6f89179d055f99c57b,,,
236,2026-03-17,SH688187,-0.10173493960457815,EXP_DEnsembleModel_Alpha158_csi300_custom_step0_s_20260317_14,d11602f48a804f6f89179d055f99c57b,,,
237,2026-03-17,SH688223,-0.06016917913498865,EXP_DEnsembleModel_Alpha158_csi300_custom_step0_s_20260317_14,d11602f48a804f6f89179d055f99c57b,,,
238,2026-03-17,SH688256,0.11769781491481425,EXP_DEnsembleModel_Alpha158_csi300_custom_step0_s_20260317_14,d11602f48a804f6f89179d055f99c57b,,,
239,2026-03-17,SH688271,-0.059543091154654636,EXP_DEnsembleModel_Alpha158_csi300_custom_step0_s_20260317_14,d11602f48a804f6f89179d055f99c57b,,,
240,2026-03-17,SH688111,0.011274874841641976,EXP_DEnsembleModel_Alpha158_csi300_custom_step0_s_20260317_14,d11602f48a804f6f89179d055f99c57b,,,
241,2026-03-17,SH605117,-0.010822509494842177,EXP_DEnsembleModel_Alpha158_csi300_custom_step0_s_20260317_14,d11602f48a804f6f89179d055f99c57b,,,
242,2026-03-17,SH603993,0.41081484739410984,EXP_DEnsembleModel_Alpha158_csi300_custom_step0_s_20260317_14,d11602f48a804f6f89179d055f99c57b,,,
243,2026-03-17,SH603986,-0.23410623248996834,EXP_DEnsembleModel_Alpha158_csi300_custom_step0_s_20260317_14,d11602f48a804f6f89179d055f99c57b,,,
244,2026-03-17,SH601985,0.0919288442960011,EXP_DEnsembleModel_Alpha158_csi300_custom_step0_s_20260317_14,d11602f48a804f6f89179d055f99c57b,,,
245,2026-03-17,SH601988,0.05869669888669433,EXP_DEnsembleModel_Alpha158_csi300_custom_step0_s_20260317_14,d11602f48a804f6f89179d055f99c57b,,,
246,2026-03-17,SH601995,-0.012620369207960539,EXP_DEnsembleModel_Alpha158_csi300_custom_step0_s_20260317_14,d11602f48a804f6f89179d055f99c57b,,,
247,2026-03-17,SH601998,-0.02821959288398841,EXP_DEnsembleModel_Alpha158_csi300_custom_step0_s_20260317_14,d11602f48a804f6f89179d055f99c57b,,,
248,2026-03-17,SH603019,-0.09755431783909635,EXP_DEnsembleModel_Alpha158_csi300_custom_step0_s_20260317_14,d11602f48a804f6f89179d055f99c57b,,,
249,2026-03-17,SH603195,0.09926094080961823,EXP_DEnsembleModel_Alpha158_csi300_custom_step0_s_20260317_14,d11602f48a804f6f89179d055f99c57b,,,
250,2026-03-17,SH603259,0.006531544722653785,EXP_DEnsembleModel_Alpha158_csi300_custom_step0_s_20260317_14,d11602f48a804f6f89179d055f99c57b,,,
251,2026-03-17,SH603260,-0.03476764561097429,EXP_DEnsembleModel_Alpha158_csi300_custom_step0_s_20260317_14,d11602f48a804f6f89179d055f99c57b,,,
252,2026-03-17,SH603288,0.0064743901233312575,EXP_DEnsembleModel_Alpha158_csi300_custom_step0_s_20260317_14,d11602f48a804f6f89179d055f99c57b,,,
253,2026-03-17,SH603296,-0.04689894174403295,EXP_DEnsembleModel_Alpha158_csi300_custom_step0_s_20260317_14,d11602f48a804f6f89179d055f99c57b,,,
254,2026-03-17,SH603369,-0.00782758551877922,EXP_DEnsembleModel_Alpha158_csi300_custom_step0_s_20260317_14,d11602f48a804f6f89179d055f99c57b,,,
255,2026-03-17,SH603392,-0.012313626922938532,EXP_DEnsembleModel_Alpha158_csi300_custom_step0_s_20260317_14,d11602f48a804f6f89179d055f99c57b,,,
256,2026-03-17,SH603501,-0.0637458651933881,EXP_DEnsembleModel_Alpha158_csi300_custom_step0_s_20260317_14,d11602f48a804f6f89179d055f99c57b,,,
257,2026-03-17,SH603799,0.1370007415100619,EXP_DEnsembleModel_Alpha158_csi300_custom_step0_s_20260317_14,d11602f48a804f6f89179d055f99c57b,,,
258,2026-03-17,SH603893,-0.13396092705432436,EXP_DEnsembleModel_Alpha158_csi300_custom_step0_s_20260317_14,d11602f48a804f6f89179d055f99c57b,,,
259,2026-03-17,SH688303,0.019679546034178326,EXP_DEnsembleModel_Alpha158_csi300_custom_step0_s_20260317_14,d11602f48a804f6f89179d055f99c57b,,,
260,2026-03-17,SH688396,0.03528506552885373,EXP_DEnsembleModel_Alpha158_csi300_custom_step0_s_20260317_14,d11602f48a804f6f89179d055f99c57b,,,
261,2026-03-17,SH688472,-0.1734188621545739,EXP_DEnsembleModel_Alpha158_csi300_custom_step0_s_20260317_14,d11602f48a804f6f89179d055f99c57b,,,
262,2026-03-17,SH688506,0.09753138224721133,EXP_DEnsembleModel_Alpha158_csi300_custom_step0_s_20260317_14,d11602f48a804f6f89179d055f99c57b,,,
263,2026-03-17,SZ000661,-0.08203168019180636,EXP_DEnsembleModel_Alpha158_csi300_custom_step0_s_20260317_14,d11602f48a804f6f89179d055f99c57b,,,
264,2026-03-17,SZ000708,0.11858089395795597,EXP_DEnsembleModel_Alpha158_csi300_custom_step0_s_20260317_14,d11602f48a804f6f89179d055f99c57b,,,
265,2026-03-17,SZ000725,-0.026173951637510923,EXP_DEnsembleModel_Alpha158_csi300_custom_step0_s_20260317_14,d11602f48a804f6f89179d055f99c57b,,,
266,2026-03-17,SZ000768,-0.06343085890657228,EXP_DEnsembleModel_Alpha158_csi300_custom_step0_s_20260317_14,d11602f48a804f6f89179d055f99c57b,,,
267,2026-03-17,SZ000776,-0.08977793190919771,EXP_DEnsembleModel_Alpha158_csi300_custom_step0_s_20260317_14,d11602f48a804f6f89179d055f99c57b,,,
268,2026-03-17,SZ000786,-0.04524623184918375,EXP_DEnsembleModel_Alpha158_csi300_custom_step0_s_20260317_14,d11602f48a804f6f89179d055f99c57b,,,
269,2026-03-17,SZ000792,-0.0716850802641464,EXP_DEnsembleModel_Alpha158_csi300_custom_step0_s_20260317_14,d11602f48a804f6f89179d055f99c57b,,,
270,2026-03-17,SZ000807,-0.14619179488257217,EXP_DEnsembleModel_Alpha158_csi300_custom_step0_s_20260317_14,d11602f48a804f6f89179d055f99c57b,,,
271,2026-03-17,SZ000858,0.04508492031227842,EXP_DEnsembleModel_Alpha158_csi300_custom_step0_s_20260317_14,d11602f48a804f6f89179d055f99c57b,,,
272,2026-03-17,SZ000876,0.08911325761416936,EXP_DEnsembleModel_Alpha158_csi300_custom_step0_s_20260317_14,d11602f48a804f6f89179d055f99c57b,,,
273,2026-03-17,SZ000895,0.02527163666490077,EXP_DEnsembleModel_Alpha158_csi300_custom_step0_s_20260317_14,d11602f48a804f6f89179d055f99c57b,,,
274,2026-03-17,SZ000938,-0.12339311909435487,EXP_DEnsembleModel_Alpha158_csi300_custom_step0_s_20260317_14,d11602f48a804f6f89179d055f99c57b,,,
275,2026-03-17,SZ000963,-0.06559017630829322,EXP_DEnsembleModel_Alpha158_csi300_custom_step0_s_20260317_14,d11602f48a804f6f89179d055f99c57b,,,
276,2026-03-17,SZ000975,0.17550313733721334,EXP_DEnsembleModel_Alpha158_csi300_custom_step0_s_20260317_14,d11602f48a804f6f89179d055f99c57b,,,
277,2026-03-17,SZ000977,-0.12117432628862564,EXP_DEnsembleModel_Alpha158_csi300_custom_step0_s_20260317_14,d11602f48a804f6f89179d055f99c57b,,,
278,2026-03-17,SZ000651,-0.009891410701256131,EXP_DEnsembleModel_Alpha158_csi300_custom_step0_s_20260317_14,d11602f48a804f6f89179d055f99c57b,,,
279,2026-03-17,SZ000999,0.10955016699518864,EXP_DEnsembleModel_Alpha158_csi300_custom_step0_s_20260317_14,d11602f48a804f6f89179d055f99c57b,,,
280,2026-03-17,SZ000630,0.10962438829678046,EXP_DEnsembleModel_Alpha158_csi300_custom_step0_s_20260317_14,d11602f48a804f6f89179d055f99c57b,,,
281,2026-03-17,SZ000617,-0.0628820462904005,EXP_DEnsembleModel_Alpha158_csi300_custom_step0_s_20260317_14,d11602f48a804f6f89179d055f99c57b,,,
282,2026-03-17,SH688981,-0.09099646953242439,EXP_DEnsembleModel_Alpha158_csi300_custom_step0_s_20260317_14,d11602f48a804f6f89179d055f99c57b,,,
283,2026-03-17,SZ000001,0.054791907229055414,EXP_DEnsembleModel_Alpha158_csi300_custom_step0_s_20260317_14,d11602f48a804f6f89179d055f99c57b,,,
284,2026-03-17,SZ000002,0.009172675801221128,EXP_DEnsembleModel_Alpha158_csi300_custom_step0_s_20260317_14,d11602f48a804f6f89179d055f99c57b,,,
285,2026-03-17,SZ000063,-0.053430794106915716,EXP_DEnsembleModel_Alpha158_csi300_custom_step0_s_20260317_14,d11602f48a804f6f89179d055f99c57b,,,
286,2026-03-17,SZ000100,-0.11774766464634523,EXP_DEnsembleModel_Alpha158_csi300_custom_step0_s_20260317_14,d11602f48a804f6f89179d055f99c57b,,,
287,2026-03-17,SZ000157,0.01740846662865687,EXP_DEnsembleModel_Alpha158_csi300_custom_step0_s_20260317_14,d11602f48a804f6f89179d055f99c57b,,,
288,2026-03-17,SZ000166,0.054962112692901105,EXP_DEnsembleModel_Alpha158_csi300_custom_step0_s_20260317_14,d11602f48a804f6f89179d055f99c57b,,,
289,2026-03-17,SZ000301,0.06448680115067822,EXP_DEnsembleModel_Alpha158_csi300_custom_step0_s_20260317_14,d11602f48a804f6f89179d055f99c57b,,,
290,2026-03-17,SZ000333,0.09308284062226185,EXP_DEnsembleModel_Alpha158_csi300_custom_step0_s_20260317_14,d11602f48a804f6f89179d055f99c57b,,,
291,2026-03-17,SZ000338,0.2193607533170476,EXP_DEnsembleModel_Alpha158_csi300_custom_step0_s_20260317_14,d11602f48a804f6f89179d055f99c57b,,,
292,2026-03-17,SZ000408,-0.007058186060809087,EXP_DEnsembleModel_Alpha158_csi300_custom_step0_s_20260317_14,d11602f48a804f6f89179d055f99c57b,,,
293,2026-03-17,SZ000425,-0.0055997682614538505,EXP_DEnsembleModel_Alpha158_csi300_custom_step0_s_20260317_14,d11602f48a804f6f89179d055f99c57b,,,
294,2026-03-17,SZ000538,0.05724017696742253,EXP_DEnsembleModel_Alpha158_csi300_custom_step0_s_20260317_14,d11602f48a804f6f89179d055f99c57b,,,
295,2026-03-17,SZ000568,-0.010955777104465566,EXP_DEnsembleModel_Alpha158_csi300_custom_step0_s_20260317_14,d11602f48a804f6f89179d055f99c57b,,,
296,2026-03-17,SZ000596,0.11036115128737684,EXP_DEnsembleModel_Alpha158_csi300_custom_step0_s_20260317_14,d11602f48a804f6f89179d055f99c57b,,,
297,2026-03-17,SZ000625,-0.032431080968967636,EXP_DEnsembleModel_Alpha158_csi300_custom_step0_s_20260317_14,d11602f48a804f6f89179d055f99c57b,,,
298,2026-03-17,SH600000,0.054417138480204276,EXP_DEnsembleModel_Alpha158_csi300_custom_step0_s_20260317_14,d11602f48a804f6f89179d055f99c57b,,,
299,2026-03-17,SZ302132,-0.07358100825354123,EXP_DEnsembleModel_Alpha158_csi300_custom_step0_s_20260317_14,bf42b3855daa41b1819fa3080e2e9b70,,,
300,2026-03-17,SZ301269,-0.06700516955121623,EXP_DEnsembleModel_Alpha158_csi300_custom_step0_s_20260317_14,bf42b3855daa41b1819fa3080e2e9b70,,,
301,2026-03-17,SH601117,-0.006789801118860404,EXP_DEnsembleModel_Alpha158_csi300_custom_step0_s_20260317_14,bf42b3855daa41b1819fa3080e2e9b70,,,
302,2026-03-17,SH601127,0.01585388440635187,EXP_DEnsembleModel_Alpha158_csi300_custom_step0_s_20260317_14,bf42b3855daa41b1819fa3080e2e9b70,,,
303,2026-03-17,SH601136,-0.019619885488032698,EXP_DEnsembleModel_Alpha158_csi300_custom_step0_s_20260317_14,bf42b3855daa41b1819fa3080e2e9b70,,,
304,2026-03-17,SH601138,-0.11965290657025168,EXP_DEnsembleModel_Alpha158_csi300_custom_step0_s_20260317_14,bf42b3855daa41b1819fa3080e2e9b70,,,
305,2026-03-17,SH601166,0.029393203506019403,EXP_DEnsembleModel_Alpha158_csi300_custom_step0_s_20260317_14,bf42b3855daa41b1819fa3080e2e9b70,,,
306,2026-03-17,SH601169,0.15316701972848198,EXP_DEnsembleModel_Alpha158_csi300_custom_step0_s_20260317_14,bf42b3855daa41b1819fa3080e2e9b70,,,
307,2026-03-17,SH601111,0.1610786322375482,EXP_DEnsembleModel_Alpha158_csi300_custom_step0_s_20260317_14,bf42b3855daa41b1819fa3080e2e9b70,,,
308,2026-03-17,SH601186,-0.003802167802627676,EXP_DEnsembleModel_Alpha158_csi300_custom_step0_s_20260317_14,bf42b3855daa41b1819fa3080e2e9b70,,,
309,2026-03-17,SH601225,0.06478667778003964,EXP_DEnsembleModel_Alpha158_csi300_custom_step0_s_20260317_14,bf42b3855daa41b1819fa3080e2e9b70,,,
310,2026-03-17,SH601229,0.1313233922883193,EXP_DEnsembleModel_Alpha158_csi300_custom_step0_s_20260317_14,bf42b3855daa41b1819fa3080e2e9b70,,,
311,2026-03-17,SH601236,0.041251679701737314,EXP_DEnsembleModel_Alpha158_csi300_custom_step0_s_20260317_14,bf42b3855daa41b1819fa3080e2e9b70,,,
312,2026-03-17,SH601238,0.018345058319399633,EXP_DEnsembleModel_Alpha158_csi300_custom_step0_s_20260317_14,bf42b3855daa41b1819fa3080e2e9b70,,,
313,2026-03-17,SH601288,0.031820614629815225,EXP_DEnsembleModel_Alpha158_csi300_custom_step0_s_20260317_14,bf42b3855daa41b1819fa3080e2e9b70,,,
314,2026-03-17,SH601298,0.12935913427125606,EXP_DEnsembleModel_Alpha158_csi300_custom_step0_s_20260317_14,bf42b3855daa41b1819fa3080e2e9b70,,,
315,2026-03-17,SH601211,-0.015328607219671631,EXP_DEnsembleModel_Alpha158_csi300_custom_step0_s_20260317_14,bf42b3855daa41b1819fa3080e2e9b70,,,
316,2026-03-17,SH601100,-0.05716941448895811,EXP_DEnsembleModel_Alpha158_csi300_custom_step0_s_20260317_14,bf42b3855daa41b1819fa3080e2e9b70,,,
317,2026-03-17,SH601088,0.1022819806729907,EXP_DEnsembleModel_Alpha158_csi300_custom_step0_s_20260317_14,bf42b3855daa41b1819fa3080e2e9b70,,,
318,2026-03-17,SH601077,0.03879829743279769,EXP_DEnsembleModel_Alpha158_csi300_custom_step0_s_20260317_14,bf42b3855daa41b1819fa3080e2e9b70,,,
319,2026-03-17,SH600926,0.032045833120965886,EXP_DEnsembleModel_Alpha158_csi300_custom_step0_s_20260317_14,bf42b3855daa41b1819fa3080e2e9b70,,,
320,2026-03-17,SH600930,0.01865587946260832,EXP_DEnsembleModel_Alpha158_csi300_custom_step0_s_20260317_14,bf42b3855daa41b1819fa3080e2e9b70,,,
321,2026-03-17,SH600938,0.10240850017157846,EXP_DEnsembleModel_Alpha158_csi300_custom_step0_s_20260317_14,bf42b3855daa41b1819fa3080e2e9b70,,,
322,2026-03-17,SH600941,0.15782840915682997,EXP_DEnsembleModel_Alpha158_csi300_custom_step0_s_20260317_14,bf42b3855daa41b1819fa3080e2e9b70,,,
323,2026-03-17,SH600958,-0.04651467708450195,EXP_DEnsembleModel_Alpha158_csi300_custom_step0_s_20260317_14,bf42b3855daa41b1819fa3080e2e9b70,,,
324,2026-03-17,SH600989,-0.12224056131516235,EXP_DEnsembleModel_Alpha158_csi300_custom_step0_s_20260317_14,bf42b3855daa41b1819fa3080e2e9b70,,,
325,2026-03-17,SH600999,-0.009918537881925137,EXP_DEnsembleModel_Alpha158_csi300_custom_step0_s_20260317_14,bf42b3855daa41b1819fa3080e2e9b70,,,
326,2026-03-17,SH601006,0.09449142063402982,EXP_DEnsembleModel_Alpha158_csi300_custom_step0_s_20260317_14,bf42b3855daa41b1819fa3080e2e9b70,,,
327,2026-03-17,SH601009,0.031172947346193892,EXP_DEnsembleModel_Alpha158_csi300_custom_step0_s_20260317_14,bf42b3855daa41b1819fa3080e2e9b70,,,
328,2026-03-17,SH601012,0.055262593828513173,EXP_DEnsembleModel_Alpha158_csi300_custom_step0_s_20260317_14,bf42b3855daa41b1819fa3080e2e9b70,,,
329,2026-03-17,SH601018,0.06976126699870105,EXP_DEnsembleModel_Alpha158_csi300_custom_step0_s_20260317_14,bf42b3855daa41b1819fa3080e2e9b70,,,
330,2026-03-17,SH601021,0.05089662670376405,EXP_DEnsembleModel_Alpha158_csi300_custom_step0_s_20260317_14,bf42b3855daa41b1819fa3080e2e9b70,,,
331,2026-03-17,SH601058,-0.05694926588298082,EXP_DEnsembleModel_Alpha158_csi300_custom_step0_s_20260317_14,bf42b3855daa41b1819fa3080e2e9b70,,,
332,2026-03-17,SH601059,0.026704562406200574,EXP_DEnsembleModel_Alpha158_csi300_custom_step0_s_20260317_14,bf42b3855daa41b1819fa3080e2e9b70,,,
333,2026-03-17,SH601066,-0.015187665141785737,EXP_DEnsembleModel_Alpha158_csi300_custom_step0_s_20260317_14,bf42b3855daa41b1819fa3080e2e9b70,,,
334,2026-03-17,SH601318,0.004449753384811009,EXP_DEnsembleModel_Alpha158_csi300_custom_step0_s_20260317_14,bf42b3855daa41b1819fa3080e2e9b70,,,
335,2026-03-17,SH601319,0.04007669324440957,EXP_DEnsembleModel_Alpha158_csi300_custom_step0_s_20260317_14,bf42b3855daa41b1819fa3080e2e9b70,,,
336,2026-03-17,SH601328,0.08080201141899856,EXP_DEnsembleModel_Alpha158_csi300_custom_step0_s_20260317_14,bf42b3855daa41b1819fa3080e2e9b70,,,
337,2026-03-17,SH601336,-0.08317123129660757,EXP_DEnsembleModel_Alpha158_csi300_custom_step0_s_20260317_14,bf42b3855daa41b1819fa3080e2e9b70,,,
338,2026-03-17,SH601788,-0.02708913790464883,EXP_DEnsembleModel_Alpha158_csi300_custom_step0_s_20260317_14,bf42b3855daa41b1819fa3080e2e9b70,,,
339,2026-03-17,SH601800,0.014837221040988304,EXP_DEnsembleModel_Alpha158_csi300_custom_step0_s_20260317_14,bf42b3855daa41b1819fa3080e2e9b70,,,
340,2026-03-17,SH601808,0.07822669187624677,EXP_DEnsembleModel_Alpha158_csi300_custom_step0_s_20260317_14,bf42b3855daa41b1819fa3080e2e9b70,,,
341,2026-03-17,SH601816,0.09278891159831061,EXP_DEnsembleModel_Alpha158_csi300_custom_step0_s_20260317_14,bf42b3855daa41b1819fa3080e2e9b70,,,
342,2026-03-17,SH601818,0.10642311407924947,EXP_DEnsembleModel_Alpha158_csi300_custom_step0_s_20260317_14,bf42b3855daa41b1819fa3080e2e9b70,,,
343,2026-03-17,SH601825,0.0531756820353743,EXP_DEnsembleModel_Alpha158_csi300_custom_step0_s_20260317_14,bf42b3855daa41b1819fa3080e2e9b70,,,
344,2026-03-17,SH601838,0.1770553091132829,EXP_DEnsembleModel_Alpha158_csi300_custom_step0_s_20260317_14,bf42b3855daa41b1819fa3080e2e9b70,,,
345,2026-03-17,SH601857,0.047891097109841615,EXP_DEnsembleModel_Alpha158_csi300_custom_step0_s_20260317_14,bf42b3855daa41b1819fa3080e2e9b70,,,
346,2026-03-17,SH601868,0.07449324393034353,EXP_DEnsembleModel_Alpha158_csi300_custom_step0_s_20260317_14,bf42b3855daa41b1819fa3080e2e9b70,,,
347,2026-03-17,SH601872,-0.022023089104452102,EXP_DEnsembleModel_Alpha158_csi300_custom_step0_s_20260317_14,bf42b3855daa41b1819fa3080e2e9b70,,,
348,2026-03-17,SH601877,0.34072272496530503,EXP_DEnsembleModel_Alpha158_csi300_custom_step0_s_20260317_14,bf42b3855daa41b1819fa3080e2e9b70,,,
349,2026-03-17,SH601878,-0.004544116042865879,EXP_DEnsembleModel_Alpha158_csi300_custom_step0_s_20260317_14,bf42b3855daa41b1819fa3080e2e9b70,,,
350,2026-03-17,SH601881,-0.00527170169445763,EXP_DEnsembleModel_Alpha158_csi300_custom_step0_s_20260317_14,bf42b3855daa41b1819fa3080e2e9b70,,,
351,2026-03-17,SH601888,-0.010419330224381336,EXP_DEnsembleModel_Alpha158_csi300_custom_step0_s_20260317_14,bf42b3855daa41b1819fa3080e2e9b70,,,
352,2026-03-17,SH601898,0.08229852644405806,EXP_DEnsembleModel_Alpha158_csi300_custom_step0_s_20260317_14,bf42b3855daa41b1819fa3080e2e9b70,,,
353,2026-03-17,SH601766,0.03649155692537835,EXP_DEnsembleModel_Alpha158_csi300_custom_step0_s_20260317_14,bf42b3855daa41b1819fa3080e2e9b70,,,
354,2026-03-17,SH600919,0.1218294096551399,EXP_DEnsembleModel_Alpha158_csi300_custom_step0_s_20260317_14,bf42b3855daa41b1819fa3080e2e9b70,,,
355,2026-03-17,SH601728,0.049287013323488914,EXP_DEnsembleModel_Alpha158_csi300_custom_step0_s_20260317_14,bf42b3855daa41b1819fa3080e2e9b70,,,
356,2026-03-17,SH601689,-0.09034699782948898,EXP_DEnsembleModel_Alpha158_csi300_custom_step0_s_20260317_14,bf42b3855daa41b1819fa3080e2e9b70,,,
357,2026-03-17,SH601360,-0.030449078313065207,EXP_DEnsembleModel_Alpha158_csi300_custom_step0_s_20260317_14,bf42b3855daa41b1819fa3080e2e9b70,,,
358,2026-03-17,SH601377,-0.00958697519797671,EXP_DEnsembleModel_Alpha158_csi300_custom_step0_s_20260317_14,bf42b3855daa41b1819fa3080e2e9b70,,,
359,2026-03-17,SH601390,0.014069157573115,EXP_DEnsembleModel_Alpha158_csi300_custom_step0_s_20260317_14,bf42b3855daa41b1819fa3080e2e9b70,,,
360,2026-03-17,SH601398,0.053658016120949344,EXP_DEnsembleModel_Alpha158_csi300_custom_step0_s_20260317_14,bf42b3855daa41b1819fa3080e2e9b70,,,
361,2026-03-17,SH601456,-0.014932065024811128,EXP_DEnsembleModel_Alpha158_csi300_custom_step0_s_20260317_14,bf42b3855daa41b1819fa3080e2e9b70,,,
362,2026-03-17,SH601600,-0.029955371378125536,EXP_DEnsembleModel_Alpha158_csi300_custom_step0_s_20260317_14,bf42b3855daa41b1819fa3080e2e9b70,,,
363,2026-03-17,SH601601,-0.12107902722932375,EXP_DEnsembleModel_Alpha158_csi300_custom_step0_s_20260317_14,bf42b3855daa41b1819fa3080e2e9b70,,,
364,2026-03-17,SH601607,0.030973520264042417,EXP_DEnsembleModel_Alpha158_csi300_custom_step0_s_20260317_14,bf42b3855daa41b1819fa3080e2e9b70,,,
365,2026-03-17,SH601618,0.04339268885023544,EXP_DEnsembleModel_Alpha158_csi300_custom_step0_s_20260317_14,bf42b3855daa41b1819fa3080e2e9b70,,,
366,2026-03-17,SH601628,-0.06655650870622232,EXP_DEnsembleModel_Alpha158_csi300_custom_step0_s_20260317_14,bf42b3855daa41b1819fa3080e2e9b70,,,
367,2026-03-17,SH601633,0.010721841970682178,EXP_DEnsembleModel_Alpha158_csi300_custom_step0_s_20260317_14,bf42b3855daa41b1819fa3080e2e9b70,,,
368,2026-03-17,SH601658,0.07414230160371554,EXP_DEnsembleModel_Alpha158_csi300_custom_step0_s_20260317_14,bf42b3855daa41b1819fa3080e2e9b70,,,
369,2026-03-17,SH601668,0.09215609225190709,EXP_DEnsembleModel_Alpha158_csi300_custom_step0_s_20260317_14,bf42b3855daa41b1819fa3080e2e9b70,,,
370,2026-03-17,SH601669,0.08876100546932816,EXP_DEnsembleModel_Alpha158_csi300_custom_step0_s_20260317_14,bf42b3855daa41b1819fa3080e2e9b70,,,
371,2026-03-17,SH601688,-0.00245014238944689,EXP_DEnsembleModel_Alpha158_csi300_custom_step0_s_20260317_14,bf42b3855daa41b1819fa3080e2e9b70,,,
372,2026-03-17,SH601698,-0.07557563923354518,EXP_DEnsembleModel_Alpha158_csi300_custom_step0_s_20260317_14,bf42b3855daa41b1819fa3080e2e9b70,,,
373,2026-03-17,SH601899,-0.03727955488599958,EXP_DEnsembleModel_Alpha158_csi300_custom_step0_s_20260317_14,bf42b3855daa41b1819fa3080e2e9b70,,,
374,2026-03-17,SH600918,0.01246106169142173,EXP_DEnsembleModel_Alpha158_csi300_custom_step0_s_20260317_14,bf42b3855daa41b1819fa3080e2e9b70,,,
375,2026-03-17,SH600900,0.14273580425828197,EXP_DEnsembleModel_Alpha158_csi300_custom_step0_s_20260317_14,bf42b3855daa41b1819fa3080e2e9b70,,,
376,2026-03-17,SH600061,0.012835963063383025,EXP_DEnsembleModel_Alpha158_csi300_custom_step0_s_20260317_14,bf42b3855daa41b1819fa3080e2e9b70,,,
377,2026-03-17,SH600066,-0.00262222053502182,EXP_DEnsembleModel_Alpha158_csi300_custom_step0_s_20260317_14,bf42b3855daa41b1819fa3080e2e9b70,,,
378,2026-03-17,SH600085,0.07987907642086263,EXP_DEnsembleModel_Alpha158_csi300_custom_step0_s_20260317_14,bf42b3855daa41b1819fa3080e2e9b70,,,
379,2026-03-17,SH600089,-0.029654848026647335,EXP_DEnsembleModel_Alpha158_csi300_custom_step0_s_20260317_14,bf42b3855daa41b1819fa3080e2e9b70,,,
380,2026-03-17,SH600104,0.03123198455292879,EXP_DEnsembleModel_Alpha158_csi300_custom_step0_s_20260317_14,bf42b3855daa41b1819fa3080e2e9b70,,,
381,2026-03-17,SH600111,-0.061336384905227984,EXP_DEnsembleModel_Alpha158_csi300_custom_step0_s_20260317_14,bf42b3855daa41b1819fa3080e2e9b70,,,
382,2026-03-17,SH600050,0.024923489343432702,EXP_DEnsembleModel_Alpha158_csi300_custom_step0_s_20260317_14,bf42b3855daa41b1819fa3080e2e9b70,,,
383,2026-03-17,SH600115,0.05703543141929953,EXP_DEnsembleModel_Alpha158_csi300_custom_step0_s_20260317_14,bf42b3855daa41b1819fa3080e2e9b70,,,
384,2026-03-17,SH600160,-0.07024941202211452,EXP_DEnsembleModel_Alpha158_csi300_custom_step0_s_20260317_14,bf42b3855daa41b1819fa3080e2e9b70,,,
385,2026-03-17,SH600161,-0.018581605618939335,EXP_DEnsembleModel_Alpha158_csi300_custom_step0_s_20260317_14,bf42b3855daa41b1819fa3080e2e9b70,,,
386,2026-03-17,SH600176,0.1251040597628206,EXP_DEnsembleModel_Alpha158_csi300_custom_step0_s_20260317_14,bf42b3855daa41b1819fa3080e2e9b70,,,
387,2026-03-17,SH600183,0.021708037541030574,EXP_DEnsembleModel_Alpha158_csi300_custom_step0_s_20260317_14,bf42b3855daa41b1819fa3080e2e9b70,,,
388,2026-03-17,SH600188,0.19949247196458686,EXP_DEnsembleModel_Alpha158_csi300_custom_step0_s_20260317_14,bf42b3855daa41b1819fa3080e2e9b70,,,
389,2026-03-17,SH600196,-0.03224291370113444,EXP_DEnsembleModel_Alpha158_csi300_custom_step0_s_20260317_14,bf42b3855daa41b1819fa3080e2e9b70,,,
390,2026-03-17,SH600150,-0.06523730122834592,EXP_DEnsembleModel_Alpha158_csi300_custom_step0_s_20260317_14,bf42b3855daa41b1819fa3080e2e9b70,,,
391,2026-03-17,SH600048,0.1768241765558424,EXP_DEnsembleModel_Alpha158_csi300_custom_step0_s_20260317_14,bf42b3855daa41b1819fa3080e2e9b70,,,
392,2026-03-17,SH600039,-0.010291140939190362,EXP_DEnsembleModel_Alpha158_csi300_custom_step0_s_20260317_14,bf42b3855daa41b1819fa3080e2e9b70,,,
393,2026-03-17,SH600036,0.09581061397609403,EXP_DEnsembleModel_Alpha158_csi300_custom_step0_s_20260317_14,bf42b3855daa41b1819fa3080e2e9b70,,,
394,2026-03-17,SH600009,0.05341042539052862,EXP_DEnsembleModel_Alpha158_csi300_custom_step0_s_20260317_14,bf42b3855daa41b1819fa3080e2e9b70,,,
395,2026-03-17,SH600010,0.2052388249321119,EXP_DEnsembleModel_Alpha158_csi300_custom_step0_s_20260317_14,bf42b3855daa41b1819fa3080e2e9b70,,,
396,2026-03-17,SH600011,-0.13499367588403272,EXP_DEnsembleModel_Alpha158_csi300_custom_step0_s_20260317_14,bf42b3855daa41b1819fa3080e2e9b70,,,
397,2026-03-17,SH600015,0.035247870738119406,EXP_DEnsembleModel_Alpha158_csi300_custom_step0_s_20260317_14,bf42b3855daa41b1819fa3080e2e9b70,,,
398,2026-03-17,SH600016,0.08507179249398455,EXP_DEnsembleModel_Alpha158_csi300_custom_step0_s_20260317_14,bf42b3855daa41b1819fa3080e2e9b70,,,
399,2026-03-17,SH600018,0.03292833519494401,EXP_DEnsembleModel_Alpha158_csi300_custom_step0_s_20260317_14,bf42b3855daa41b1819fa3080e2e9b70,,,
400,2026-03-17,SH600019,-0.009145469510663628,EXP_DEnsembleModel_Alpha158_csi300_custom_step0_s_20260317_14,bf42b3855daa41b1819fa3080e2e9b70,,,
401,2026-03-17,SH600023,0.1448479184772735,EXP_DEnsembleModel_Alpha158_csi300_custom_step0_s_20260317_14,bf42b3855daa41b1819fa3080e2e9b70,,,
402,2026-03-17,SH600025,0.1053135723229063,EXP_DEnsembleModel_Alpha158_csi300_custom_step0_s_20260317_14,bf42b3855daa41b1819fa3080e2e9b70,,,
403,2026-03-17,SH600026,0.053063025374456334,EXP_DEnsembleModel_Alpha158_csi300_custom_step0_s_20260317_14,bf42b3855daa41b1819fa3080e2e9b70,,,
404,2026-03-17,SH600027,0.06052549580875225,EXP_DEnsembleModel_Alpha158_csi300_custom_step0_s_20260317_14,bf42b3855daa41b1819fa3080e2e9b70,,,
405,2026-03-17,SH600028,-0.026304251693925123,EXP_DEnsembleModel_Alpha158_csi300_custom_step0_s_20260317_14,bf42b3855daa41b1819fa3080e2e9b70,,,
406,2026-03-17,SH600029,0.15404182273040914,EXP_DEnsembleModel_Alpha158_csi300_custom_step0_s_20260317_14,bf42b3855daa41b1819fa3080e2e9b70,,,
407,2026-03-17,SH600030,-0.04381166624090606,EXP_DEnsembleModel_Alpha158_csi300_custom_step0_s_20260317_14,bf42b3855daa41b1819fa3080e2e9b70,,,
408,2026-03-17,SH600031,-0.010451525151502323,EXP_DEnsembleModel_Alpha158_csi300_custom_step0_s_20260317_14,bf42b3855daa41b1819fa3080e2e9b70,,,
409,2026-03-17,SH600219,0.05279342963067756,EXP_DEnsembleModel_Alpha158_csi300_custom_step0_s_20260317_14,bf42b3855daa41b1819fa3080e2e9b70,,,
410,2026-03-17,SH600233,-0.03959845028840621,EXP_DEnsembleModel_Alpha158_csi300_custom_step0_s_20260317_14,bf42b3855daa41b1819fa3080e2e9b70,,,
411,2026-03-17,SH600276,-0.06677619941699278,EXP_DEnsembleModel_Alpha158_csi300_custom_step0_s_20260317_14,bf42b3855daa41b1819fa3080e2e9b70,,,
412,2026-03-17,SH600309,0.06442038782465569,EXP_DEnsembleModel_Alpha158_csi300_custom_step0_s_20260317_14,bf42b3855daa41b1819fa3080e2e9b70,,,
413,2026-03-17,SH600588,-0.0018350860091555562,EXP_DEnsembleModel_Alpha158_csi300_custom_step0_s_20260317_14,bf42b3855daa41b1819fa3080e2e9b70,,,
414,2026-03-17,SH600600,0.05082735383308419,EXP_DEnsembleModel_Alpha158_csi300_custom_step0_s_20260317_14,bf42b3855daa41b1819fa3080e2e9b70,,,
415,2026-03-17,SH600660,0.1445555568450537,EXP_DEnsembleModel_Alpha158_csi300_custom_step0_s_20260317_14,bf42b3855daa41b1819fa3080e2e9b70,,,
416,2026-03-17,SH600674,-0.028437208300040446,EXP_DEnsembleModel_Alpha158_csi300_custom_step0_s_20260317_14,bf42b3855daa41b1819fa3080e2e9b70,,,
417,2026-03-17,SH600690,0.15457372854944837,EXP_DEnsembleModel_Alpha158_csi300_custom_step0_s_20260317_14,bf42b3855daa41b1819fa3080e2e9b70,,,
418,2026-03-17,SH600741,0.09112506212600076,EXP_DEnsembleModel_Alpha158_csi300_custom_step0_s_20260317_14,bf42b3855daa41b1819fa3080e2e9b70,,,
419,2026-03-17,SH600760,-0.14774068748383243,EXP_DEnsembleModel_Alpha158_csi300_custom_step0_s_20260317_14,bf42b3855daa41b1819fa3080e2e9b70,,,
420,2026-03-17,SH600795,-0.024652907900508943,EXP_DEnsembleModel_Alpha158_csi300_custom_step0_s_20260317_14,bf42b3855daa41b1819fa3080e2e9b70,,,
421,2026-03-17,SH600803,-0.004516468758632959,EXP_DEnsembleModel_Alpha158_csi300_custom_step0_s_20260317_14,bf42b3855daa41b1819fa3080e2e9b70,,,
422,2026-03-17,SH600809,0.05762668841646632,EXP_DEnsembleModel_Alpha158_csi300_custom_step0_s_20260317_14,bf42b3855daa41b1819fa3080e2e9b70,,,
423,2026-03-17,SH600845,-0.005210712590030044,EXP_DEnsembleModel_Alpha158_csi300_custom_step0_s_20260317_14,bf42b3855daa41b1819fa3080e2e9b70,,,
424,2026-03-17,SH600875,0.25050808004888253,EXP_DEnsembleModel_Alpha158_csi300_custom_step0_s_20260317_14,bf42b3855daa41b1819fa3080e2e9b70,,,
425,2026-03-17,SH600886,0.04381249696486122,EXP_DEnsembleModel_Alpha158_csi300_custom_step0_s_20260317_14,bf42b3855daa41b1819fa3080e2e9b70,,,
426,2026-03-17,SH600887,0.08315346212769863,EXP_DEnsembleModel_Alpha158_csi300_custom_step0_s_20260317_14,bf42b3855daa41b1819fa3080e2e9b70,,,
427,2026-03-17,SH600893,0.0924869716398654,EXP_DEnsembleModel_Alpha158_csi300_custom_step0_s_20260317_14,bf42b3855daa41b1819fa3080e2e9b70,,,
428,2026-03-17,SH600585,0.1550763865731902,EXP_DEnsembleModel_Alpha158_csi300_custom_step0_s_20260317_14,bf42b3855daa41b1819fa3080e2e9b70,,,
429,2026-03-17,SH600905,0.002570804239785621,EXP_DEnsembleModel_Alpha158_csi300_custom_step0_s_20260317_14,bf42b3855daa41b1819fa3080e2e9b70,,,
430,2026-03-17,SH600584,-0.060243186874322424,EXP_DEnsembleModel_Alpha158_csi300_custom_step0_s_20260317_14,bf42b3855daa41b1819fa3080e2e9b70,,,
431,2026-03-17,SH600547,-0.010438261554487405,EXP_DEnsembleModel_Alpha158_csi300_custom_step0_s_20260317_14,bf42b3855daa41b1819fa3080e2e9b70,,,
432,2026-03-17,SH600346,0.1298517164943008,EXP_DEnsembleModel_Alpha158_csi300_custom_step0_s_20260317_14,bf42b3855daa41b1819fa3080e2e9b70,,,
433,2026-03-17,SH600362,0.0019407816669497699,EXP_DEnsembleModel_Alpha158_csi300_custom_step0_s_20260317_14,bf42b3855daa41b1819fa3080e2e9b70,,,
434,2026-03-17,SH600372,-0.15116520534228958,EXP_DEnsembleModel_Alpha158_csi300_custom_step0_s_20260317_14,bf42b3855daa41b1819fa3080e2e9b70,,,
435,2026-03-17,SH600377,0.10217417274166286,EXP_DEnsembleModel_Alpha158_csi300_custom_step0_s_20260317_14,bf42b3855daa41b1819fa3080e2e9b70,,,
436,2026-03-17,SH600406,0.04177262642064834,EXP_DEnsembleModel_Alpha158_csi300_custom_step0_s_20260317_14,bf42b3855daa41b1819fa3080e2e9b70,,,
437,2026-03-17,SH600415,0.05443215290345787,EXP_DEnsembleModel_Alpha158_csi300_custom_step0_s_20260317_14,bf42b3855daa41b1819fa3080e2e9b70,,,
438,2026-03-17,SH600426,0.0536177762760171,EXP_DEnsembleModel_Alpha158_csi300_custom_step0_s_20260317_14,bf42b3855daa41b1819fa3080e2e9b70,,,
439,2026-03-17,SH600436,-0.04037373127361901,EXP_DEnsembleModel_Alpha158_csi300_custom_step0_s_20260317_14,bf42b3855daa41b1819fa3080e2e9b70,,,
440,2026-03-17,SH600438,-0.01947861962577393,EXP_DEnsembleModel_Alpha158_csi300_custom_step0_s_20260317_14,bf42b3855daa41b1819fa3080e2e9b70,,,
441,2026-03-17,SH600460,0.04465583523386725,EXP_DEnsembleModel_Alpha158_csi300_custom_step0_s_20260317_14,bf42b3855daa41b1819fa3080e2e9b70,,,
442,2026-03-17,SH600482,0.35733814195759017,EXP_DEnsembleModel_Alpha158_csi300_custom_step0_s_20260317_14,bf42b3855daa41b1819fa3080e2e9b70,,,
443,2026-03-17,SH600489,0.02916893715691987,EXP_DEnsembleModel_Alpha158_csi300_custom_step0_s_20260317_14,bf42b3855daa41b1819fa3080e2e9b70,,,
444,2026-03-17,SH600515,-0.05290225057509495,EXP_DEnsembleModel_Alpha158_csi300_custom_step0_s_20260317_14,bf42b3855daa41b1819fa3080e2e9b70,,,
445,2026-03-17,SH600519,-0.09058998021304572,EXP_DEnsembleModel_Alpha158_csi300_custom_step0_s_20260317_14,bf42b3855daa41b1819fa3080e2e9b70,,,
446,2026-03-17,SH600522,0.24827689480347956,EXP_DEnsembleModel_Alpha158_csi300_custom_step0_s_20260317_14,bf42b3855daa41b1819fa3080e2e9b70,,,
447,2026-03-17,SH600570,0.004199545288849489,EXP_DEnsembleModel_Alpha158_csi300_custom_step0_s_20260317_14,bf42b3855daa41b1819fa3080e2e9b70,,,
448,2026-03-17,SH601901,0.011401712739473956,EXP_DEnsembleModel_Alpha158_csi300_custom_step0_s_20260317_14,bf42b3855daa41b1819fa3080e2e9b70,,,
449,2026-03-17,SH601916,0.06228056164264816,EXP_DEnsembleModel_Alpha158_csi300_custom_step0_s_20260317_14,bf42b3855daa41b1819fa3080e2e9b70,,,
450,2026-03-17,SH601919,-0.02110577893716486,EXP_DEnsembleModel_Alpha158_csi300_custom_step0_s_20260317_14,bf42b3855daa41b1819fa3080e2e9b70,,,
451,2026-03-17,SZ002422,-0.026105858603097373,EXP_DEnsembleModel_Alpha158_csi300_custom_step0_s_20260317_14,bf42b3855daa41b1819fa3080e2e9b70,,,
452,2026-03-17,SZ002459,0.05221540016598981,EXP_DEnsembleModel_Alpha158_csi300_custom_step0_s_20260317_14,bf42b3855daa41b1819fa3080e2e9b70,,,
453,2026-03-17,SZ002460,-0.09825049863945017,EXP_DEnsembleModel_Alpha158_csi300_custom_step0_s_20260317_14,bf42b3855daa41b1819fa3080e2e9b70,,,
454,2026-03-17,SZ002463,0.03204772409824686,EXP_DEnsembleModel_Alpha158_csi300_custom_step0_s_20260317_14,bf42b3855daa41b1819fa3080e2e9b70,,,
455,2026-03-17,SZ002466,0.0004390893107966239,EXP_DEnsembleModel_Alpha158_csi300_custom_step0_s_20260317_14,bf42b3855daa41b1819fa3080e2e9b70,,,
456,2026-03-17,SZ002475,-0.08006956795299879,EXP_DEnsembleModel_Alpha158_csi300_custom_step0_s_20260317_14,bf42b3855daa41b1819fa3080e2e9b70,,,
457,2026-03-17,SZ002415,0.07237740427769976,EXP_DEnsembleModel_Alpha158_csi300_custom_step0_s_20260317_14,bf42b3855daa41b1819fa3080e2e9b70,,,
458,2026-03-17,SZ002493,0.13112434433116227,EXP_DEnsembleModel_Alpha158_csi300_custom_step0_s_20260317_14,bf42b3855daa41b1819fa3080e2e9b70,,,
459,2026-03-17,SZ002600,0.026647056982800885,EXP_DEnsembleModel_Alpha158_csi300_custom_step0_s_20260317_14,bf42b3855daa41b1819fa3080e2e9b70,,,
460,2026-03-17,SZ002601,0.11299542379239169,EXP_DEnsembleModel_Alpha158_csi300_custom_step0_s_20260317_14,bf42b3855daa41b1819fa3080e2e9b70,,,
461,2026-03-17,SZ002625,-0.11751568716063977,EXP_DEnsembleModel_Alpha158_csi300_custom_step0_s_20260317_14,bf42b3855daa41b1819fa3080e2e9b70,,,
462,2026-03-17,SZ002648,0.17516223454222085,EXP_DEnsembleModel_Alpha158_csi300_custom_step0_s_20260317_14,bf42b3855daa41b1819fa3080e2e9b70,,,
463,2026-03-17,SZ002709,-0.06015346230902777,EXP_DEnsembleModel_Alpha158_csi300_custom_step0_s_20260317_14,bf42b3855daa41b1819fa3080e2e9b70,,,
464,2026-03-17,SZ002714,-0.022394073417242106,EXP_DEnsembleModel_Alpha158_csi300_custom_step0_s_20260317_14,bf42b3855daa41b1819fa3080e2e9b70,,,
465,2026-03-17,SZ002594,-0.06532914285360665,EXP_DEnsembleModel_Alpha158_csi300_custom_step0_s_20260317_14,bf42b3855daa41b1819fa3080e2e9b70,,,
466,2026-03-17,SZ002384,-0.15696859167037486,EXP_DEnsembleModel_Alpha158_csi300_custom_step0_s_20260317_14,bf42b3855daa41b1819fa3080e2e9b70,,,
467,2026-03-17,SZ002371,0.10201160571961104,EXP_DEnsembleModel_Alpha158_csi300_custom_step0_s_20260317_14,bf42b3855daa41b1819fa3080e2e9b70,,,
468,2026-03-17,SZ002352,0.07538587202011264,EXP_DEnsembleModel_Alpha158_csi300_custom_step0_s_20260317_14,bf42b3855daa41b1819fa3080e2e9b70,,,
469,2026-03-17,SZ001979,0.22313989707630213,EXP_DEnsembleModel_Alpha158_csi300_custom_step0_s_20260317_14,bf42b3855daa41b1819fa3080e2e9b70,,,
470,2026-03-17,SZ002001,0.30684705533172507,EXP_DEnsembleModel_Alpha158_csi300_custom_step0_s_20260317_14,bf42b3855daa41b1819fa3080e2e9b70,,,
471,2026-03-17,SZ002027,-0.08850808893343173,EXP_DEnsembleModel_Alpha158_csi300_custom_step0_s_20260317_14,bf42b3855daa41b1819fa3080e2e9b70,,,
472,2026-03-17,SZ002028,0.0069265220471761155,EXP_DEnsembleModel_Alpha158_csi300_custom_step0_s_20260317_14,bf42b3855daa41b1819fa3080e2e9b70,,,
473,2026-03-17,SZ002049,-0.015210981333474252,EXP_DEnsembleModel_Alpha158_csi300_custom_step0_s_20260317_14,bf42b3855daa41b1819fa3080e2e9b70,,,
474,2026-03-17,SZ002050,-0.06366598101646752,EXP_DEnsembleModel_Alpha158_csi300_custom_step0_s_20260317_14,bf42b3855daa41b1819fa3080e2e9b70,,,
475,2026-03-17,SZ002074,-0.0371348334210073,EXP_DEnsembleModel_Alpha158_csi300_custom_step0_s_20260317_14,bf42b3855daa41b1819fa3080e2e9b70,,,
476,2026-03-17,SZ002142,0.04527295722780479,EXP_DEnsembleModel_Alpha158_csi300_custom_step0_s_20260317_14,bf42b3855daa41b1819fa3080e2e9b70,,,
477,2026-03-17,SZ002179,-0.029017461203242025,EXP_DEnsembleModel_Alpha158_csi300_custom_step0_s_20260317_14,bf42b3855daa41b1819fa3080e2e9b70,,,
478,2026-03-17,SZ002230,0.0028395990330236684,EXP_DEnsembleModel_Alpha158_csi300_custom_step0_s_20260317_14,bf42b3855daa41b1819fa3080e2e9b70,,,
479,2026-03-17,SZ002236,0.010422368833796323,EXP_DEnsembleModel_Alpha158_csi300_custom_step0_s_20260317_14,bf42b3855daa41b1819fa3080e2e9b70,,,
480,2026-03-17,SZ002241,0.07235811973557461,EXP_DEnsembleModel_Alpha158_csi300_custom_step0_s_20260317_14,bf42b3855daa41b1819fa3080e2e9b70,,,
481,2026-03-17,SZ002252,-0.010984650675030115,EXP_DEnsembleModel_Alpha158_csi300_custom_step0_s_20260317_14,bf42b3855daa41b1819fa3080e2e9b70,,,
482,2026-03-17,SZ002304,0.04320551110550559,EXP_DEnsembleModel_Alpha158_csi300_custom_step0_s_20260317_14,bf42b3855daa41b1819fa3080e2e9b70,,,
483,2026-03-17,SZ002311,-0.1118608905691672,EXP_DEnsembleModel_Alpha158_csi300_custom_step0_s_20260317_14,bf42b3855daa41b1819fa3080e2e9b70,,,
484,2026-03-17,SZ002736,-0.0045013099679211575,EXP_DEnsembleModel_Alpha158_csi300_custom_step0_s_20260317_14,bf42b3855daa41b1819fa3080e2e9b70,,,
485,2026-03-17,SZ002916,0.0609994007122509,EXP_DEnsembleModel_Alpha158_csi300_custom_step0_s_20260317_14,bf42b3855daa41b1819fa3080e2e9b70,,,
486,2026-03-17,SZ002920,0.0897647564504607,EXP_DEnsembleModel_Alpha158_csi300_custom_step0_s_20260317_14,bf42b3855daa41b1819fa3080e2e9b70,,,
487,2026-03-17,SZ002938,0.10934528325685496,EXP_DEnsembleModel_Alpha158_csi300_custom_step0_s_20260317_14,bf42b3855daa41b1819fa3080e2e9b70,,,
488,2026-03-17,SZ300498,0.044688329406795034,EXP_DEnsembleModel_Alpha158_csi300_custom_step0_s_20260317_14,bf42b3855daa41b1819fa3080e2e9b70,,,
489,2026-03-17,SZ300502,-0.03966447495082757,EXP_DEnsembleModel_Alpha158_csi300_custom_step0_s_20260317_14,bf42b3855daa41b1819fa3080e2e9b70,,,
490,2026-03-17,SZ300628,-0.0374491490587933,EXP_DEnsembleModel_Alpha158_csi300_custom_step0_s_20260317_14,bf42b3855daa41b1819fa3080e2e9b70,,,
491,2026-03-17,SZ300661,0.03150209446348698,EXP_DEnsembleModel_Alpha158_csi300_custom_step0_s_20260317_14,bf42b3855daa41b1819fa3080e2e9b70,,,
492,2026-03-17,SZ300750,0.0008670893593915094,EXP_DEnsembleModel_Alpha158_csi300_custom_step0_s_20260317_14,bf42b3855daa41b1819fa3080e2e9b70,,,
493,2026-03-17,SZ300759,-0.032539602354567376,EXP_DEnsembleModel_Alpha158_csi300_custom_step0_s_20260317_14,bf42b3855daa41b1819fa3080e2e9b70,,,
494,2026-03-17,SZ300760,-0.029524444086132192,EXP_DEnsembleModel_Alpha158_csi300_custom_step0_s_20260317_14,bf42b3855daa41b1819fa3080e2e9b70,,,
495,2026-03-17,SZ300782,-0.09443851173272676,EXP_DEnsembleModel_Alpha158_csi300_custom_step0_s_20260317_14,bf42b3855daa41b1819fa3080e2e9b70,,,
496,2026-03-17,SZ300803,-0.045774858540642886,EXP_DEnsembleModel_Alpha158_csi300_custom_step0_s_20260317_14,bf42b3855daa41b1819fa3080e2e9b70,,,
497,2026-03-17,SZ300832,-0.04195792829416272,EXP_DEnsembleModel_Alpha158_csi300_custom_step0_s_20260317_14,bf42b3855daa41b1819fa3080e2e9b70,,,
498,2026-03-17,SZ300866,-0.05147677741407455,EXP_DEnsembleModel_Alpha158_csi300_custom_step0_s_20260317_14,bf42b3855daa41b1819fa3080e2e9b70,,,
499,2026-03-17,SZ300896,0.0662190259731779,EXP_DEnsembleModel_Alpha158_csi300_custom_step0_s_20260317_14,bf42b3855daa41b1819fa3080e2e9b70,,,
500,2026-03-17,SZ300979,0.017604054591585826,EXP_DEnsembleModel_Alpha158_csi300_custom_step0_s_20260317_14,bf42b3855daa41b1819fa3080e2e9b70,,,
501,2026-03-17,SZ300999,-0.025608079915946064,EXP_DEnsembleModel_Alpha158_csi300_custom_step0_s_20260317_14,bf42b3855daa41b1819fa3080e2e9b70,,,
502,2026-03-17,SZ301236,-0.08227617908393249,EXP_DEnsembleModel_Alpha158_csi300_custom_step0_s_20260317_14,bf42b3855daa41b1819fa3080e2e9b70,,,
503,2026-03-17,SZ300476,-0.05727984047501726,EXP_DEnsembleModel_Alpha158_csi300_custom_step0_s_20260317_14,bf42b3855daa41b1819fa3080e2e9b70,,,
504,2026-03-17,SZ001965,0.047217034741268926,EXP_DEnsembleModel_Alpha158_csi300_custom_step0_s_20260317_14,bf42b3855daa41b1819fa3080e2e9b70,,,
505,2026-03-17,SZ300442,-0.010227088707933322,EXP_DEnsembleModel_Alpha158_csi300_custom_step0_s_20260317_14,bf42b3855daa41b1819fa3080e2e9b70,,,
506,2026-03-17,SZ300418,0.02817556158857544,EXP_DEnsembleModel_Alpha158_csi300_custom_step0_s_20260317_14,bf42b3855daa41b1819fa3080e2e9b70,,,
507,2026-03-17,SZ003816,0.07347419229903664,EXP_DEnsembleModel_Alpha158_csi300_custom_step0_s_20260317_14,bf42b3855daa41b1819fa3080e2e9b70,,,
508,2026-03-17,SZ300014,-0.04576039116988593,EXP_DEnsembleModel_Alpha158_csi300_custom_step0_s_20260317_14,bf42b3855daa41b1819fa3080e2e9b70,,,
509,2026-03-17,SZ300015,0.08768640507162141,EXP_DEnsembleModel_Alpha158_csi300_custom_step0_s_20260317_14,bf42b3855daa41b1819fa3080e2e9b70,,,
510,2026-03-17,SZ300033,-0.0905288673320032,EXP_DEnsembleModel_Alpha158_csi300_custom_step0_s_20260317_14,bf42b3855daa41b1819fa3080e2e9b70,,,
511,2026-03-17,SZ300059,-0.027810138087422026,EXP_DEnsembleModel_Alpha158_csi300_custom_step0_s_20260317_14,bf42b3855daa41b1819fa3080e2e9b70,,,
512,2026-03-17,SZ300122,-0.00038827460435372974,EXP_DEnsembleModel_Alpha158_csi300_custom_step0_s_20260317_14,bf42b3855daa41b1819fa3080e2e9b70,,,
513,2026-03-17,SZ300124,0.010216469742741718,EXP_DEnsembleModel_Alpha158_csi300_custom_step0_s_20260317_14,bf42b3855daa41b1819fa3080e2e9b70,,,
514,2026-03-17,SZ300251,0.01606804407170822,EXP_DEnsembleModel_Alpha158_csi300_custom_step0_s_20260317_14,bf42b3855daa41b1819fa3080e2e9b70,,,
515,2026-03-17,SZ300274,-0.09964887225339432,EXP_DEnsembleModel_Alpha158_csi300_custom_step0_s_20260317_14,bf42b3855daa41b1819fa3080e2e9b70,,,
516,2026-03-17,SZ300308,0.10108945801111759,EXP_DEnsembleModel_Alpha158_csi300_custom_step0_s_20260317_14,bf42b3855daa41b1819fa3080e2e9b70,,,
517,2026-03-17,SZ300316,-0.045373509238570156,EXP_DEnsembleModel_Alpha158_csi300_custom_step0_s_20260317_14,bf42b3855daa41b1819fa3080e2e9b70,,,
518,2026-03-17,SZ300347,-0.005929555535662761,EXP_DEnsembleModel_Alpha158_csi300_custom_step0_s_20260317_14,bf42b3855daa41b1819fa3080e2e9b70,,,
519,2026-03-17,SZ300394,0.14129712427686686,EXP_DEnsembleModel_Alpha158_csi300_custom_step0_s_20260317_14,bf42b3855daa41b1819fa3080e2e9b70,,,
520,2026-03-17,SZ300408,0.1499226250389126,EXP_DEnsembleModel_Alpha158_csi300_custom_step0_s_20260317_14,bf42b3855daa41b1819fa3080e2e9b70,,,
521,2026-03-17,SZ300413,-0.009532146697905603,EXP_DEnsembleModel_Alpha158_csi300_custom_step0_s_20260317_14,bf42b3855daa41b1819fa3080e2e9b70,,,
522,2026-03-17,SZ300433,-0.05739707186352501,EXP_DEnsembleModel_Alpha158_csi300_custom_step0_s_20260317_14,bf42b3855daa41b1819fa3080e2e9b70,,,
523,2026-03-17,SZ001391,0.01060717946565967,EXP_DEnsembleModel_Alpha158_csi300_custom_step0_s_20260317_14,bf42b3855daa41b1819fa3080e2e9b70,,,
524,2026-03-17,SZ000999,0.13461058986716531,EXP_DEnsembleModel_Alpha158_csi300_custom_step0_s_20260317_14,bf42b3855daa41b1819fa3080e2e9b70,,,
525,2026-03-17,SZ000983,0.1341565268194484,EXP_DEnsembleModel_Alpha158_csi300_custom_step0_s_20260317_14,bf42b3855daa41b1819fa3080e2e9b70,,,
526,2026-03-17,SH605499,0.058061482121794565,EXP_DEnsembleModel_Alpha158_csi300_custom_step0_s_20260317_14,bf42b3855daa41b1819fa3080e2e9b70,,,
527,2026-03-17,SH688008,0.03704705182787285,EXP_DEnsembleModel_Alpha158_csi300_custom_step0_s_20260317_14,bf42b3855daa41b1819fa3080e2e9b70,,,
528,2026-03-17,SH688009,0.01831288995758724,EXP_DEnsembleModel_Alpha158_csi300_custom_step0_s_20260317_14,bf42b3855daa41b1819fa3080e2e9b70,,,
529,2026-03-17,SH688012,-0.0063180135746317275,EXP_DEnsembleModel_Alpha158_csi300_custom_step0_s_20260317_14,bf42b3855daa41b1819fa3080e2e9b70,,,
530,2026-03-17,SH688036,-0.020314651709196593,EXP_DEnsembleModel_Alpha158_csi300_custom_step0_s_20260317_14,bf42b3855daa41b1819fa3080e2e9b70,,,
531,2026-03-17,SH688041,-0.09711216648169646,EXP_DEnsembleModel_Alpha158_csi300_custom_step0_s_20260317_14,bf42b3855daa41b1819fa3080e2e9b70,,,
532,2026-03-17,SH688047,0.051454571169025874,EXP_DEnsembleModel_Alpha158_csi300_custom_step0_s_20260317_14,bf42b3855daa41b1819fa3080e2e9b70,,,
533,2026-03-17,SH688082,0.11724506341535433,EXP_DEnsembleModel_Alpha158_csi300_custom_step0_s_20260317_14,bf42b3855daa41b1819fa3080e2e9b70,,,
534,2026-03-17,SH688111,-0.033849444131775056,EXP_DEnsembleModel_Alpha158_csi300_custom_step0_s_20260317_14,bf42b3855daa41b1819fa3080e2e9b70,,,
535,2026-03-17,SH688126,-0.02028083470264598,EXP_DEnsembleModel_Alpha158_csi300_custom_step0_s_20260317_14,bf42b3855daa41b1819fa3080e2e9b70,,,
536,2026-03-17,SH688169,-0.024771069423286874,EXP_DEnsembleModel_Alpha158_csi300_custom_step0_s_20260317_14,bf42b3855daa41b1819fa3080e2e9b70,,,
537,2026-03-17,SH688187,-0.06833852468140793,EXP_DEnsembleModel_Alpha158_csi300_custom_step0_s_20260317_14,bf42b3855daa41b1819fa3080e2e9b70,,,
538,2026-03-17,SH688223,0.07816887167320674,EXP_DEnsembleModel_Alpha158_csi300_custom_step0_s_20260317_14,bf42b3855daa41b1819fa3080e2e9b70,,,
539,2026-03-17,SH688256,0.00811464407424022,EXP_DEnsembleModel_Alpha158_csi300_custom_step0_s_20260317_14,bf42b3855daa41b1819fa3080e2e9b70,,,
540,2026-03-17,SH688271,-0.08065352019242526,EXP_DEnsembleModel_Alpha158_csi300_custom_step0_s_20260317_14,bf42b3855daa41b1819fa3080e2e9b70,,,
541,2026-03-17,SH605117,0.04177279178475294,EXP_DEnsembleModel_Alpha158_csi300_custom_step0_s_20260317_14,bf42b3855daa41b1819fa3080e2e9b70,,,
542,2026-03-17,SH688303,0.09457984890151441,EXP_DEnsembleModel_Alpha158_csi300_custom_step0_s_20260317_14,bf42b3855daa41b1819fa3080e2e9b70,,,
543,2026-03-17,SH603993,0.06753602564384849,EXP_DEnsembleModel_Alpha158_csi300_custom_step0_s_20260317_14,bf42b3855daa41b1819fa3080e2e9b70,,,
544,2026-03-17,SH603893,-0.04717144985522183,EXP_DEnsembleModel_Alpha158_csi300_custom_step0_s_20260317_14,bf42b3855daa41b1819fa3080e2e9b70,,,
545,2026-03-17,SH601939,0.16652674894992106,EXP_DEnsembleModel_Alpha158_csi300_custom_step0_s_20260317_14,bf42b3855daa41b1819fa3080e2e9b70,,,
546,2026-03-17,SH601985,0.02808879035740621,EXP_DEnsembleModel_Alpha158_csi300_custom_step0_s_20260317_14,bf42b3855daa41b1819fa3080e2e9b70,,,
547,2026-03-17,SH601988,0.04404079451695801,EXP_DEnsembleModel_Alpha158_csi300_custom_step0_s_20260317_14,bf42b3855daa41b1819fa3080e2e9b70,,,
548,2026-03-17,SH601995,-0.013880798083807147,EXP_DEnsembleModel_Alpha158_csi300_custom_step0_s_20260317_14,bf42b3855daa41b1819fa3080e2e9b70,,,
549,2026-03-17,SH601998,-0.09096853644917503,EXP_DEnsembleModel_Alpha158_csi300_custom_step0_s_20260317_14,bf42b3855daa41b1819fa3080e2e9b70,,,
550,2026-03-17,SH603019,-0.04169633249507659,EXP_DEnsembleModel_Alpha158_csi300_custom_step0_s_20260317_14,bf42b3855daa41b1819fa3080e2e9b70,,,
551,2026-03-17,SH603195,0.17015906694203517,EXP_DEnsembleModel_Alpha158_csi300_custom_step0_s_20260317_14,bf42b3855daa41b1819fa3080e2e9b70,,,
552,2026-03-17,SH603259,0.04548577834891146,EXP_DEnsembleModel_Alpha158_csi300_custom_step0_s_20260317_14,bf42b3855daa41b1819fa3080e2e9b70,,,
553,2026-03-17,SH603260,0.03182063148114712,EXP_DEnsembleModel_Alpha158_csi300_custom_step0_s_20260317_14,bf42b3855daa41b1819fa3080e2e9b70,,,
554,2026-03-17,SH603288,-0.010338485389156887,EXP_DEnsembleModel_Alpha158_csi300_custom_step0_s_20260317_14,bf42b3855daa41b1819fa3080e2e9b70,,,
555,2026-03-17,SH603296,-0.034611286009692606,EXP_DEnsembleModel_Alpha158_csi300_custom_step0_s_20260317_14,bf42b3855daa41b1819fa3080e2e9b70,,,
556,2026-03-17,SH603369,0.056443099468056764,EXP_DEnsembleModel_Alpha158_csi300_custom_step0_s_20260317_14,bf42b3855daa41b1819fa3080e2e9b70,,,
557,2026-03-17,SH603392,-0.07370051867497225,EXP_DEnsembleModel_Alpha158_csi300_custom_step0_s_20260317_14,bf42b3855daa41b1819fa3080e2e9b70,,,
558,2026-03-17,SH603501,-0.11730830829845401,EXP_DEnsembleModel_Alpha158_csi300_custom_step0_s_20260317_14,bf42b3855daa41b1819fa3080e2e9b70,,,
559,2026-03-17,SH603799,-0.04024398889796298,EXP_DEnsembleModel_Alpha158_csi300_custom_step0_s_20260317_14,bf42b3855daa41b1819fa3080e2e9b70,,,
560,2026-03-17,SH603986,-0.29059567754299814,EXP_DEnsembleModel_Alpha158_csi300_custom_step0_s_20260317_14,bf42b3855daa41b1819fa3080e2e9b70,,,
561,2026-03-17,SZ301269,-0.0748067030289315,EXP_DEnsembleModel_Alpha158_csi300_custom_step0_s_20260317_14,d11602f48a804f6f89179d055f99c57b,,,
562,2026-03-17,SH688396,-0.05334465928231525,EXP_DEnsembleModel_Alpha158_csi300_custom_step0_s_20260317_14,bf42b3855daa41b1819fa3080e2e9b70,,,
563,2026-03-17,SH688506,-0.15587847117263354,EXP_DEnsembleModel_Alpha158_csi300_custom_step0_s_20260317_14,bf42b3855daa41b1819fa3080e2e9b70,,,
564,2026-03-17,SZ000661,-0.0399734658441153,EXP_DEnsembleModel_Alpha158_csi300_custom_step0_s_20260317_14,bf42b3855daa41b1819fa3080e2e9b70,,,
565,2026-03-17,SZ000708,0.042036879016428795,EXP_DEnsembleModel_Alpha158_csi300_custom_step0_s_20260317_14,bf42b3855daa41b1819fa3080e2e9b70,,,
566,2026-03-17,SZ000725,-0.053204268842390504,EXP_DEnsembleModel_Alpha158_csi300_custom_step0_s_20260317_14,bf42b3855daa41b1819fa3080e2e9b70,,,
567,2026-03-17,SZ000768,-0.1060652405436926,EXP_DEnsembleModel_Alpha158_csi300_custom_step0_s_20260317_14,bf42b3855daa41b1819fa3080e2e9b70,,,
568,2026-03-17,SZ000776,-0.0793257360222752,EXP_DEnsembleModel_Alpha158_csi300_custom_step0_s_20260317_14,bf42b3855daa41b1819fa3080e2e9b70,,,
569,2026-03-17,SZ000786,0.018207327335642856,EXP_DEnsembleModel_Alpha158_csi300_custom_step0_s_20260317_14,bf42b3855daa41b1819fa3080e2e9b70,,,
570,2026-03-17,SZ000792,-0.02873175860955737,EXP_DEnsembleModel_Alpha158_csi300_custom_step0_s_20260317_14,bf42b3855daa41b1819fa3080e2e9b70,,,
571,2026-03-17,SZ000807,0.07617619723856911,EXP_DEnsembleModel_Alpha158_csi300_custom_step0_s_20260317_14,bf42b3855daa41b1819fa3080e2e9b70,,,
572,2026-03-17,SZ000858,0.03474645606276142,EXP_DEnsembleModel_Alpha158_csi300_custom_step0_s_20260317_14,bf42b3855daa41b1819fa3080e2e9b70,,,
573,2026-03-17,SZ000876,0.06261836519686828,EXP_DEnsembleModel_Alpha158_csi300_custom_step0_s_20260317_14,bf42b3855daa41b1819fa3080e2e9b70,,,
574,2026-03-17,SZ000895,0.05751683129231864,EXP_DEnsembleModel_Alpha158_csi300_custom_step0_s_20260317_14,bf42b3855daa41b1819fa3080e2e9b70,,,
575,2026-03-17,SZ000938,-0.09666458053265475,EXP_DEnsembleModel_Alpha158_csi300_custom_step0_s_20260317_14,bf42b3855daa41b1819fa3080e2e9b70,,,
576,2026-03-17,SZ000963,-0.11622123444801273,EXP_DEnsembleModel_Alpha158_csi300_custom_step0_s_20260317_14,bf42b3855daa41b1819fa3080e2e9b70,,,
577,2026-03-17,SZ000975,0.06516757256276137,EXP_DEnsembleModel_Alpha158_csi300_custom_step0_s_20260317_14,bf42b3855daa41b1819fa3080e2e9b70,,,
578,2026-03-17,SZ000977,0.02040423303278218,EXP_DEnsembleModel_Alpha158_csi300_custom_step0_s_20260317_14,bf42b3855daa41b1819fa3080e2e9b70,,,
579,2026-03-17,SZ000651,0.0702067675799192,EXP_DEnsembleModel_Alpha158_csi300_custom_step0_s_20260317_14,bf42b3855daa41b1819fa3080e2e9b70,,,
580,2026-03-17,SH688472,-0.09458180701961474,EXP_DEnsembleModel_Alpha158_csi300_custom_step0_s_20260317_14,bf42b3855daa41b1819fa3080e2e9b70,,,
581,2026-03-17,SZ000630,0.013544190350968852,EXP_DEnsembleModel_Alpha158_csi300_custom_step0_s_20260317_14,bf42b3855daa41b1819fa3080e2e9b70,,,
582,2026-03-17,SZ000617,-0.02531238173241106,EXP_DEnsembleModel_Alpha158_csi300_custom_step0_s_20260317_14,bf42b3855daa41b1819fa3080e2e9b70,,,
583,2026-03-17,SH688981,0.07963082375679445,EXP_DEnsembleModel_Alpha158_csi300_custom_step0_s_20260317_14,bf42b3855daa41b1819fa3080e2e9b70,,,
584,2026-03-17,SZ000001,0.053970627040179346,EXP_DEnsembleModel_Alpha158_csi300_custom_step0_s_20260317_14,bf42b3855daa41b1819fa3080e2e9b70,,,
585,2026-03-17,SZ000002,0.043604712552727076,EXP_DEnsembleModel_Alpha158_csi300_custom_step0_s_20260317_14,bf42b3855daa41b1819fa3080e2e9b70,,,
586,2026-03-17,SZ000063,0.0043088843152727235,EXP_DEnsembleModel_Alpha158_csi300_custom_step0_s_20260317_14,bf42b3855daa41b1819fa3080e2e9b70,,,
587,2026-03-17,SZ000100,-0.08427323419469733,EXP_DEnsembleModel_Alpha158_csi300_custom_step0_s_20260317_14,bf42b3855daa41b1819fa3080e2e9b70,,,
588,2026-03-17,SZ000157,-0.033249687890808795,EXP_DEnsembleModel_Alpha158_csi300_custom_step0_s_20260317_14,bf42b3855daa41b1819fa3080e2e9b70,,,
589,2026-03-17,SZ000166,0.01887735161133813,EXP_DEnsembleModel_Alpha158_csi300_custom_step0_s_20260317_14,bf42b3855daa41b1819fa3080e2e9b70,,,
590,2026-03-17,SZ000301,0.03051187557046556,EXP_DEnsembleModel_Alpha158_csi300_custom_step0_s_20260317_14,bf42b3855daa41b1819fa3080e2e9b70,,,
591,2026-03-17,SZ000333,0.06815007192854224,EXP_DEnsembleModel_Alpha158_csi300_custom_step0_s_20260317_14,bf42b3855daa41b1819fa3080e2e9b70,,,
592,2026-03-17,SZ000338,-0.014422659930463039,EXP_DEnsembleModel_Alpha158_csi300_custom_step0_s_20260317_14,bf42b3855daa41b1819fa3080e2e9b70,,,
593,2026-03-17,SZ000408,0.08180529374623739,EXP_DEnsembleModel_Alpha158_csi300_custom_step0_s_20260317_14,bf42b3855daa41b1819fa3080e2e9b70,,,
594,2026-03-17,SZ000425,-0.08724218268675808,EXP_DEnsembleModel_Alpha158_csi300_custom_step0_s_20260317_14,bf42b3855daa41b1819fa3080e2e9b70,,,
595,2026-03-17,SZ000538,0.15478270029426125,EXP_DEnsembleModel_Alpha158_csi300_custom_step0_s_20260317_14,bf42b3855daa41b1819fa3080e2e9b70,,,
596,2026-03-17,SZ000568,0.07091603354904667,EXP_DEnsembleModel_Alpha158_csi300_custom_step0_s_20260317_14,bf42b3855daa41b1819fa3080e2e9b70,,,
597,2026-03-17,SZ000596,0.08536479473321688,EXP_DEnsembleModel_Alpha158_csi300_custom_step0_s_20260317_14,bf42b3855daa41b1819fa3080e2e9b70,,,
598,2026-03-17,SZ000625,-0.03485333923223024,EXP_DEnsembleModel_Alpha158_csi300_custom_step0_s_20260317_14,bf42b3855daa41b1819fa3080e2e9b70,,,
599,2026-03-17,SZ302132,-0.0738911097576648,EXP_DEnsembleModel_Alpha158_csi300_custom_step0_s_20260317_14,d11602f48a804f6f89179d055f99c57b,,,
